customer_decile,customers,sales,average_customer_sales,sales_share
Decile 1 - Highest,250,2763009.15,11052.0366,0.3429138593557426
Decile 2,250,1511175.07,6044.70028,0.18755018434010054
Decile 3,250,1102854.83,4411.41932,0.13687403317662608
Decile 4,250,804328.86,3217.31544,0.09982432145539756
Decile 5,250,614380.62,2457.52248,0.07625006580871219
Decile 6,250,474329.2,1897.3168,0.05886844659096475
Decile 7,250,346887.08,1387.54832,0.043051752964134854
Decile 8,250,241263.18,965.05272,0.029942893303208644
Decile 9,250,142851.18,571.40472,0.01772909418245027
Decile 10 - Lowest,250,56364.63,225.45852,0.006995348822662592
