k,cluster_id,customers,total_revenue,avg_total_spend,median_total_spend,avg_purchase_frequency,avg_recency_days,avg_basket_value,avg_category_diversity,avg_promotion_purchase_share,avg_promotion_spend_share,customer_share,revenue_share
3,0,591,402418.51,680.9111844331642,552.18,3.1438566080574297,52.974619289340104,16.289707947657938,62.25549915397631,0.7469202097321677,0.4634733011277811,0.2364,0.0499436943016593
3,1,1007,5923641.65,5882.464399205562,4923.16,9.167627052187719,5.322740814299901,33.22193856806033,153.59781529294935,0.853736901560487,0.5120689289242388,0.4028,0.7351762912699435
3,2,902,1731383.64,1919.4940576496672,1669.4050000000002,2.943147023377134,30.235033259423503,40.07036233589196,105.41241685144124,0.8993945195308871,0.5135703463332971,0.3608,0.21488001442839727
4,0,563,1192676.71,2118.431101243339,1965.65,6.427303843808277,6.6873889875666075,18.358377418393033,111.14387211367674,0.7788141287976252,0.486181779203676,0.2252,0.1480217224723305
4,1,388,160295.86,413.1336597938144,357.045,2.2949193307210676,73.18556701030928,16.384460919579467,48.27319587628866,0.7475404410256012,0.4561080742002861,0.1552,0.019894133174096728
4,2,734,1233174.56,1680.0743324250682,1488.895,2.6835053672766467,36.71934604904632,40.490294445218815,100.566757493188,0.9065115950276529,0.5187123346870005,0.2936,0.15304786364132011
4,3,815,5471296.67,6713.247447852761,5637.51,8.915146758326694,5.9226993865030675,40.26056799501155,161.26134969325153,0.8815941154094332,0.5170324621401499,0.326,0.6790362807122527
5,0,683,2494208.93,3651.843235724744,3093.53,3.9991389819608276,12.080527086383603,47.75694744789204,134.67203513909223,0.9072773664596723,0.5064485766037378,0.2732,0.30955337597266275
5,1,574,1024191.25,1784.3053135888501,1708.815,5.362379766384229,7.362369337979094,18.745737300834673,104.38153310104529,0.7831667596133144,0.4853417800934229,0.2296,0.12711118754560846
5,2,528,4043441.34,7658.032840909091,6497.245000000001,11.962548000100554,3.816287878787879,32.478895628303405,167.42045454545453,0.8565410167499462,0.5276683284702053,0.2112,0.5018268126176691
5,3,449,398628.63,887.8143207126949,827.44,2.261066999429414,71.17817371937639,32.852958749874844,77.08017817371937,0.9028822812392213,0.5203988245330338,0.1796,0.04947333669271141
5,4,266,96973.65,364.5625939849624,313.39,2.269458551204727,65.74812030075188,14.839446143044245,43.778195488721806,0.6975217970285749,0.4362709606927928,0.1064,0.012035287171348314
