cluster_id,category,category_spend,category_transactions,purchasing_customers,segment_customers,segment_revenue,category_revenue_share,customer_penetration,category_rank
0,COUPON/MISC ITEMS,21964.85,1337,326,591,402418.51,0.054582106573576844,0.5516074450084603,1
0,SOFT DRINKS,20450.26,5791,517,591,402418.51,0.05081838805078821,0.8747884940778342,2
0,BEEF,14073.45,2064,427,591,402418.51,0.03497217362094005,0.7225042301184433,3
0,BEERS/ALES,13390.4,1675,258,591,402418.51,0.033274811340064846,0.4365482233502538,4
0,FLUID MILK PRODUCTS,11733.86,4708,527,591,402418.51,0.02915835059376369,0.8917089678510999,5
0,FRZN MEAT/MEAT DINNERS,9325.1,1572,337,591,402418.51,0.02317264183498915,0.5702199661590525,6
0,BAG SNACKS,8087.48,2740,471,591,402418.51,0.02009718688138873,0.7969543147208121,7
0,FROZEN PIZZA,7707.26,1539,348,591,402418.51,0.019152349627257453,0.5888324873096447,8
0,CHEESE,7256.83,2289,468,591,402418.51,0.018033042267364886,0.7918781725888325,9
0,BAKED BREAD/BUNS/ROLLS,6926.83,3578,509,591,402418.51,0.017213000465609793,0.8612521150592216,10
0,ICE CREAM/MILK/SHERBTS,5188.58,1487,385,591,402418.51,0.012893492399243763,0.6514382402707276,11
0,CIGARETTES,4965.73,731,168,591,402418.51,0.01233971568554339,0.28426395939086296,12
0,COLD CEREAL,4961.86,1239,347,591,402418.51,0.012330098831686443,0.5871404399323181,13
0,PORK,4716.22,653,225,591,402418.51,0.011719689534161836,0.38071065989847713,14
0,LUNCHMEAT,4666.47,1344,385,591,402418.51,0.011596062020109363,0.6514382402707276,15
0,CHICKEN,4616.24,805,270,591,402418.51,0.01147124171798161,0.45685279187817257,16
0,INFANT FORMULA,4356.37,173,70,591,402418.51,0.010825471223975258,0.11844331641285956,17
0,CANDY - PACKAGED,4278.21,1321,385,591,402418.51,0.010631245565717144,0.6514382402707276,18
0,REFRGRATD JUICES/DRNKS,4195.65,1681,377,591,402418.51,0.010426086016768959,0.637901861252115,19
0,DELI MEATS,3692.96,671,236,591,402418.51,0.00917691385518027,0.3993231810490694,20
0,CAKES,3591.84,370,199,591,402418.51,0.008925633167321255,0.33671742808798644,21
0,SOUP,3576.5,1172,370,591,402418.51,0.008887513648415427,0.626057529610829,22
0,WATER - CARBONATED/FLVRD DRINK,3492.49,1154,307,591,402418.51,0.008678750885489835,0.5194585448392555,23
0,LIQUOR,3443.3100000000004,375,89,591,402418.51,0.008556539807276758,0.1505922165820643,24
0,CHICKEN/POULTRY,3229.72,581,198,591,402418.51,0.008025773963528665,0.3350253807106599,25
0,CANNED JUICES,3217.68,994,325,591,402418.51,0.007995854862640388,0.5499153976311336,26
0,SEAFOOD - FROZEN,3211.93,413,194,591,402418.51,0.007981566255488595,0.32825719120135366,27
0,MEAT - MISC,3147.18,410,200,591,402418.51,0.007820664114083619,0.338409475465313,28
0,COFFEE,2842.59,560,216,591,402418.51,0.007063765531063668,0.36548223350253806,29
0,DOG FOODS,2678.95,321,117,591,402418.51,0.0066571241963994145,0.19796954314720813,30
0,CRACKERS/MISC BKD FD,2674.88,1049,360,591,402418.51,0.006647010347511102,0.6091370558375635,31
0,BAKED SWEET GOODS,2672.2400000000002,1053,320,591,402418.51,0.006640450013097062,0.5414551607445008,32
0,DIAPERS & DISPOSABLES,2645.14,233,83,591,402418.51,0.00657310718634687,0.1404399323181049,33
0,SALAD BAR,2629.64,668,164,591,402418.51,0.006534590071415949,0.27749576988155666,34
0,YOGURT,2625.72,940,255,591,402418.51,0.0065248489688011614,0.43147208121827413,35
0,HAIR CARE PRODUCTS,2523.25,453,202,591,402418.51,0.006270213564480421,0.34179357021996615,36
0,DOMESTIC WINE,2466.85,263,103,591,402418.51,0.006130060965635005,0.17428087986463622,37
0,FRZN NOVELTIES/WTR ICE,2448.96,670,239,591,402418.51,0.006085604760079252,0.40439932318104904,38
0,COOKIES/CONES,2367.5,892,323,591,402418.51,0.005883178683803585,0.5465313028764806,39
0,DINNER SAUSAGE,2326.36,565,233,591,402418.51,0.005780946805851451,0.3942470389170897,40
0,BATH TISSUES,2305.17,664,252,591,402418.51,0.005728290182278146,0.4263959390862944,41
0,MEAT - SHELF STABLE,2304.3,771,278,591,402418.51,0.0057261282538917015,0.4703891708967851,42
0,FUEL,2273.47,189,50,591,402418.51,0.00564951646980652,0.08460236886632826,43
0,VEGETABLES - SHELF STABLE,2209.62,1023,346,591,402418.51,0.005490850806042694,0.5854483925549916,44
0,TOMATOES,2180.01,781,288,591,402418.51,0.005417270691648851,0.4873096446700508,45
0,CANDY - CHECKLANE,2169.71,2111,406,591,402418.51,0.005391675447533465,0.6869712351945855,46
0,TROPICAL FRUIT,2103.04,1661,375,591,402418.51,0.005226002153827367,0.6345177664974619,47
0,LAUNDRY DETERGENTS,2090.02,354,201,591,402418.51,0.005193647777285393,0.3401015228426396,48
0,SALD DRSNG/SNDWCH SPRD,2073.97,850,344,591,402418.51,0.005153763926018214,0.5820642978003384,49
0,HISPANIC,2068.59,698,278,591,402418.51,0.00514039475967445,0.4703891708967851,50
0,PREPAID WIRELESS&ACCESSORIES,2066.76,86,48,591,402418.51,0.005135847255137444,0.08121827411167512,51
0,EGGS,1981.77,1413,390,591,402418.51,0.004924649216558155,0.6598984771573604,52
0,FROZEN MEAT,1964.7,373,183,591,402418.51,0.004882230690631005,0.3096446700507614,53
0,CONDIMENTS/SAUCES,1960.84,866,352,591,402418.51,0.004872638686525627,0.5956006768189509,54
0,CONVENIENT BRKFST/WHLSM SNACKS,1934.9,549,223,591,402418.51,0.004808178430957363,0.377326565143824,55
0,ORAL HYGIENE PRODUCTS,1922.4,462,219,591,402418.51,0.004777116241496943,0.37055837563451777,56
0,MILK BY-PRODUCTS,1906.87,951,308,591,402418.51,0.004738524577311317,0.5211505922165821,57
0,DINNER MXS:DRY,1905.45,559,231,591,402418.51,0.004734995912588614,0.39086294416243655,58
0,GREETING CARDS/WRAP/PARTY SPLY,1903.44,486,219,591,402418.51,0.004730001112523378,0.37055837563451777,59
0,GRAPES,1873.79,553,230,591,402418.51,0.004656321599123261,0.38917089678510997,60
0,BREAKFAST SAUSAGE/SANDWICHES,1861.6200000000001,488,204,591,402418.51,0.004626079451464596,0.34517766497461927,61
0,HOT DOGS,1762.41,613,245,591,402418.51,0.004379545066155133,0.41455160744500846,62
0,PNT BTR/JELLY/JAMS,1737.56,562,247,591,402418.51,0.004317793433507818,0.4179357021996616,63
0,CHEESES,1714.26,371,163,591,402418.51,0.004259893512353594,0.27580372250423013,64
0,PREPARED FOOD,1710.03,397,141,591,402418.51,0.004249382067440188,0.23857868020304568,65
0,BABY FOODS,1699.72,287,79,591,402418.51,0.004223761973573234,0.13367174280879865,66
0,POTATOES,1692.52,611,288,591,402418.51,0.004205870152444031,0.4873096446700508,67
0,APPLES,1682.52,654,223,591,402418.51,0.004181020400875695,0.377326565143824,68
0,REFRIGERATED,1655.92,414,101,591,402418.51,0.004114920061703921,0.17089678510998307,69
0,FD WRAPS/BAGS/TRSH BG,1649.66,451,252,591,402418.51,0.004099364117222143,0.4263959390862944,70
0,FRZN VEGETABLE/VEG DSH,1649.06,538,220,591,402418.51,0.004097873132128042,0.37225042301184436,71
0,VEGETABLES - ALL OTHERS,1634.47,892,285,591,402418.51,0.00406161734458984,0.48223350253807107,72
0,CAT FOOD,1625.86,458,95,591,402418.51,0.004040221708489502,0.16074450084602368,73
0,REFRGRATD DOUGH PRODUCTS,1575.8,533,264,591,402418.51,0.003915823852138412,0.4467005076142132,74
0,COOKIES,1562.1200000000001,291,141,591,402418.51,0.003881829391992928,0.23857868020304568,75
0,COLD AND FLU,1543.79,315,186,591,402418.51,0.0038362797973681678,0.3147208121827411,76
0,SALADS/DIPS,1541.6100000000001,367,168,591,402418.51,0.003830862551526271,0.28426395939086296,77
0,MAGAZINE,1497.81,323,143,591,402418.51,0.003722020639656958,0.24196277495769883,78
0,BREAKFAST SWEETS,1479.94,673,250,591,402418.51,0.0036776141336043416,0.4230118443316413,79
0,SALAD MIX,1458.32,568,234,591,402418.51,0.0036238889707135985,0.39593908629441626,80
0,SUGARS/SWEETNERS,1454.02,566,249,591,402418.51,0.003613203577539214,0.4213197969543147,81
0,DRY BN/VEG/POTATO/RICE,1451.05,586,257,591,402418.51,0.003605823201323418,0.43485617597292725,82
0,HOUSEHOLD CLEANG NEEDS,1444.53,294,171,591,402418.51,0.0035896211633008627,0.2893401015228426,83
0,BAKING NEEDS,1422.74,472,240,591,402418.51,0.0035354735546334584,0.40609137055837563,84
0,FLORAL-FRESH CUT,1421.3999999999999,146,97,591,402418.51,0.003532143687923301,0.16412859560067683,85
0,BOOKSTORE,1416.7,131,61,591,402418.51,0.0035204643046861835,0.10321489001692047,86
0,FRUIT - SHELF STABLE,1413.1299999999999,545,240,591,402418.51,0.0035115929433762873,0.40609137055837563,87
0,CITRUS,1408.33,587,232,591,402418.51,0.0034996650626234857,0.3925549915397631,88
0,SHAVING CARE PRODUCTS,1374.32,209,118,591,402418.51,0.0034151510575395746,0.1996615905245347,89
0,SMOKED MEATS,1346.6,213,106,591,402418.51,0.0033462675461921466,0.1793570219966159,90
0,BACON,1341.03,346,187,591,402418.51,0.0033324262345685836,0.3164128595600677,91
0,ANALGESICS,1333.57,258,161,591,402418.51,0.0033138883198986046,0.272419627749577,92
0,BERRIES,1315.3,358,175,591,402418.51,0.0032684878237832548,0.2961082910321489,93
0,SEAFOOD-FRESH,1305.12,206,107,591,402418.51,0.0032431907766866885,0.18104906937394247,94
0,VITAMINS,1281.18,133,66,591,402418.51,0.003183700471432092,0.1116751269035533,95
0,SHORTENING/OIL,1270.46,415,217,591,402418.51,0.0031570615377508357,0.36717428087986465,96
0,SPICES & EXTRACTS,1262.93,455,247,591,402418.51,0.0031383496748198787,0.4179357021996616,97
0,PASTA SAUCE,1256.54,469,209,591,402418.51,0.0031224706835677116,0.3536379018612521,98
0,HEAT/SERVE,1247.78,240,109,591,402418.51,0.003100702301193849,0.1844331641285956,99
0,BREAD,1221.82,577,185,591,402418.51,0.0030361923461224485,0.3130287648054145,100
0,ISOTONIC DRINKS,1221.23,332,152,591,402418.51,0.0030347262107799167,0.2571912013536379,101
0,BAKING MIXES,1214.25,475,226,591,402418.51,0.003017381084185218,0.3824027072758037,102
0,FEMININE HYGIENE,1196.14,257,145,591,402418.51,0.0029723781840949614,0.24534686971235195,103
0,MAKEUP AND TREATMENT,1193.6299999999999,200,114,591,402418.51,0.0029661408964513085,0.19289340101522842,104
0,SINUS AND ALLERGY,1186.42,166,75,591,402418.51,0.0029482242255705385,0.12690355329949238,105
0,VALUE ADDED FRUIT,1156.59,344,149,591,402418.51,0.0028740974166421916,0.2521150592216582,106
0,TURKEY,1149.5,153,90,591,402418.51,0.0028564789427802414,0.15228426395939088,107
0,STATIONERY & SCHOOL SUPPLIES,1135.88,332,182,591,402418.51,0.0028226335811441677,0.3079526226734349,108
0,MARGARINES,1132.62,710,289,591,402418.51,0.0028145325621328895,0.4890016920473773,109
0,SOAP - LIQUID & BAR,1125.04,328,166,591,402418.51,0.002795696450444091,0.2808798646362098,110
0,ONIONS,1099.95,765,288,591,402418.51,0.002733348423759136,0.4873096446700508,111
0,DEODORANTS,1052.28,286,164,591,402418.51,0.0026148896580328773,0.27749576988155666,112
0,SEAFOOD - SHELF STABLE,1051.02,340,173,591,402418.51,0.002611758589335267,0.2927241962774958,113
0,DIETARY AID PRODUCTS,1014.31,99,52,591,402418.51,0.0025205351513279046,0.08798646362098139,114
0,MISC. DAIRY,1005.05,327,180,591,402418.51,0.0024975242813756256,0.30456852791878175,115
0,PAPER HOUSEWARES,998.62,349,197,591,402418.51,0.002481545891117185,0.3333333333333333,116
0,AUDIO/VIDEO PRODUCTS,991.73,67,51,591,402418.51,0.0024644244122866018,0.08629441624365482,117
0,WAREHOUSE SNACKS,985.87,437,204,591,402418.51,0.002449862457867557,0.34517766497461927,118
0,MISC WINE,983.64,135,64,591,402418.51,0.0024443209632678178,0.10829103214890017,119
0,STONE FRUIT,976.4399999999999,330,161,591,402418.51,0.0024264291421386155,0.272419627749577,120
0,DRY NOODLES/PASTA,970.94,608,250,591,402418.51,0.002412761778776031,0.4230118443316413,121
0,FROZEN PIE/DESSERTS,958.73,269,159,591,402418.51,0.0023824202321110926,0.26903553299492383,122
0,FRZN BREAKFAST FOODS,956.59,286,154,591,402418.51,0.0023771023852754685,0.26057529610829105,123
0,ORGANICS FRUIT & VEGETABLES,946.6800000000001,297,148,591,402418.51,0.0023524762814712474,0.25042301184433163,124
0,PAPER TOWELS,941.93,412,193,591,402418.51,0.0023406726494762877,0.32656514382402707,125
0,PIES,876.32,193,102,591,402418.51,0.0021776334294364343,0.17258883248730963,126
0,FRZN POTATOES,869.4399999999999,364,171,591,402418.51,0.0021605368003574186,0.2893401015228426,127
0,FIRST AID PRODUCTS,843.71,190,116,591,402418.51,0.00209659838957209,0.19627749576988154,128
0,HAND/BODY/FACIAL PRODUCTS,829.35,137,94,591,402418.51,0.0020609141463199592,0.15905245346869712,129
0,MELONS,820.2,237,146,591,402418.51,0.002038176623634932,0.2470389170896785,130
0,HOT CEREAL,804.45,293,157,591,402418.51,0.001999038264914802,0.2656514382402707,131
0,VEGETABLES SALAD,801.31,588,232,591,402418.51,0.0019912354429223447,0.3925549915397631,132
0,IMPORTED WINE,799.54,71,39,591,402418.51,0.001986837036894749,0.06598984771573604,133
0,ROLLS,784.24,405,152,591,402418.51,0.0019488169169951948,0.2571912013536379,134
0,AIR CARE,761.88,172,98,591,402418.51,0.0018932528724883951,0.1658206429780034,135
0,BEANS - CANNED GLASS & MW,758.2,433,196,591,402418.51,0.0018841081639112476,0.3316412859560068,136
0,ANTACIDS,754.33,121,74,591,402418.51,0.0018744913100543015,0.12521150592216582,137
0,CHARCOAL AND LIGHTER FLUID,750.69,129,77,591,402418.51,0.001865446000483427,0.13028764805414553,138
0,BATTERIES,735.86,142,100,591,402418.51,0.0018285938189075846,0.1692047377326565,139
0,FROZEN BREAD/DOUGH,733.0600000000001,294,157,591,402418.51,0.0018216358884684506,0.2656514382402707,140
0,SNACK NUTS,731.38,236,130,591,402418.51,0.0018174611302049699,0.21996615905245348,141
0,ROSES,726.02,50,49,591,402418.51,0.0018041416633643417,0.0829103214890017,142
0,PROCESSED,722.37,201,124,591,402418.51,0.001795071504041899,0.2098138747884941,143
0,PEPPERS-ALL,705.49,408,177,591,402418.51,0.0017531251233945475,0.29949238578680204,144
0,PWDR/CRYSTL DRNK MX,695.89,286,144,591,402418.51,0.0017292693618889449,0.2436548223350254,145
0,DRY MIX DESSERTS,658.11,258,155,591,402418.51,0.0016353870004637708,0.2622673434856176,146
0,PICKLE/RELISH/PKLD VEG,654.05,268,158,591,402418.51,0.0016252980013270262,0.2673434856175973,147
0,LAUNDRY ADDITIVES,641.52,148,106,591,402418.51,0.0015941612626119012,0.1793570219966159,148
0,SPRING/SUMMER SEASONAL,594.47,101,81,591,402418.51,0.0014772431814828796,0.13705583756345177,149
0,NEWSPAPER,593.37,541,99,591,402418.51,0.0014745097088103626,0.16751269035532995,150
0,CAT LITTER,593.37,119,51,591,402418.51,0.0014745097088103626,0.08629441624365482,151
0,FAMILY PLANNING,593.01,68,40,591,402418.51,0.0014736151177539025,0.0676818950930626,152
0,DISHWASH DETERGENTS,578.21,235,152,591,402418.51,0.001436837485432765,0.2571912013536379,153
0,BABY HBC,576.98,179,113,591,402418.51,0.0014337809659898597,0.19120135363790186,154
0,POPCORN,569.0,193,114,591,402418.51,0.0014139508642383274,0.19289340101522842,155
0,CARROTS,554.27,313,161,591,402418.51,0.001377347180178168,0.272419627749577,156
0,FILM AND CAMERA PRODUCTS,552.7,84,64,591,402418.51,0.0013734457691819395,0.10829103214890017,157
0,FROZEN,552.48,102,35,591,402418.51,0.0013728990746474361,0.05922165820642978,158
0,CHRISTMAS  SEASONAL,534.28,107,81,591,402418.51,0.0013276725267930643,0.13705583756345177,159
0,FRZN ICE,527.72,181,110,591,402418.51,0.0013113710897642357,0.18612521150592218,160
0,BUTTER,527.21,160,90,591,402418.51,0.0013101037524342507,0.15228426395939088,161
0,FACIAL TISS/DNR NAPKIN,522.62,215,121,591,402418.51,0.0012986977164643843,0.20473773265651438,162
0,IN-STORE PHOTOFINISHING,515.18,45,24,591,402418.51,0.0012802095012975421,0.04060913705583756,163
0,DRY SAUCES/GRAVY,496.21,240,133,591,402418.51,0.0012330695225724084,0.22504230118443316,164
0,MOLASSES/SYRUP/PANCAKE MIXS,492.07,174,129,591,402418.51,0.0012227817254231172,0.2182741116751269,165
0,TOYS AND GAMES,490.51,97,62,591,402418.51,0.0012189051641784568,0.10490693739424704,166
0,TICKETS,490.21,47,29,591,402418.51,0.0012181596716314066,0.049069373942470386,167
0,ELECTRICAL SUPPPLIES,488.61,141,108,591,402418.51,0.001214183711380473,0.18274111675126903,168
0,TEAS,483.0,167,106,591,402418.51,0.0012002430007506365,0.1793570219966159,169
0,FITNESS&DIET,476.58,81,36,591,402418.51,0.0011842894602437646,0.06091370558375635,170
0,BLEACH,460.32,182,107,591,402418.51,0.00114388376419365,0.18104906937394247,171
0,PET CARE SUPPLIES,456.77,98,63,591,402418.51,0.0011350621023868907,0.1065989847715736,172
0,NUTS,419.22,90,46,591,402418.51,0.0010417512852477885,0.077834179357022,173
0,KITCHEN GADGETS,409.56,114,88,591,402418.51,0.0010177464252327758,0.14890016920473773,174
0,FRAGRANCES,393.55,14,12,591,402418.51,0.0009779619729718696,0.02030456852791878,175
0,COCOA MIXES,393.49,162,117,591,402418.51,0.0009778128744624595,0.19796954314720813,176
0,COOKWARE & BAKEWARE,373.45,59,50,591,402418.51,0.0009280139723195137,0.08460236886632826,177
0,BROOMS AND MOPS,368.6,138,107,591,402418.51,0.0009159618428088708,0.18104906937394247,178
0,PLASTIC HOUSEWARES,365.2,106,83,591,402418.51,0.0009075129272756365,0.1404399323181049,179
0,LAXATIVES,363.69,62,47,591,402418.51,0.0009037606147888177,0.07952622673434856,180
0,AUTOMOTIVE PRODUCTS,359.22,93,64,591,402418.51,0.0008926527758377715,0.10829103214890017,181
0,GIFT & FRUIT BASKETS,357.73,3,3,591,402418.51,0.0008889501628540894,0.005076142131979695,182
0,EYE AND EAR CARE PRODUCTS,349.55,64,41,591,402418.51,0.0008686230660711904,0.06937394247038917,183
0,SWEET GOODS & SNACKS,347.66,111,76,591,402418.51,0.0008639264630247749,0.12859560067681894,184
0,PARTY TRAYS,340.56,19,19,591,402418.51,0.0008462831394112562,0.032148900169204735,185
0,BROCCOLI/CAULIFLOWER,336.16,145,88,591,402418.51,0.0008353492487211884,0.14890016920473773,186
0,MUSHROOMS,335.13,144,89,591,402418.51,0.0008327897243096496,0.1505922165820643,187
0,BEVERAGE,328.43,94,24,591,402418.51,0.0008161403907588644,0.04060913705583756,188
0,SANDWICHES,326.40000000000003,78,48,591,402418.51,0.0008110958911904922,0.08121827411167512,189
0,HARDWARE SUPPLIES,318.95,69,57,591,402418.51,0.0007925828262720817,0.09644670050761421,190
0,FLOUR & MEALS,310.94,167,110,591,402418.51,0.0007726781752658444,0.18612521150592218,191
0,INFANT CARE PRODUCTS,306.56,62,46,591,402418.51,0.0007617939840789133,0.077834179357022,192
0,MISCELLANEOUS,304.38,100,70,591,402418.51,0.0007563767382370159,0.11844331641285956,193
0,CORN,288.99,152,83,591,402418.51,0.0007181329705733466,0.1404399323181049,194
0,CANNED MILK,287.94,142,81,591,402418.51,0.0007155237466586713,0.13705583756345177,195
0,DRIED FRUIT,285.97,103,70,591,402418.51,0.0007106283455997092,0.11844331641285956,196
0,COFFEE FILTERS,282.15,78,59,591,402418.51,0.0007011357405006046,0.09983079526226735,197
0,SMOKING CESSATIONS,267.81,9,2,591,402418.51,0.0006655011967516106,0.00338409475465313,198
0,GARDEN CENTER,260.82,26,18,591,402418.51,0.0006481312204053436,0.030456852791878174,199
0,VALUE ADDED VEGETABLES,260.32,77,55,591,402418.51,0.0006468887328269268,0.09306260575296109,200
0,BATH,258.59,54,39,591,402418.51,0.0006425897258056047,0.06598984771573604,201
0,FOOT CARE PRODUCTS,256.25,41,29,591,402418.51,0.000636774883938614,0.049069373942470386,202
0,CHIPS&SNACKS,253.95000000000002,88,51,591,402418.51,0.0006310594410778968,0.08629441624365482,203
0,SUNTAN,251.51,30,28,591,402418.51,0.0006249961016952227,0.047377326565143825,204
0,SUSHI,251.45000000000002,33,14,591,402418.51,0.0006248470031858127,0.023688663282571912,205
0,FROZEN - BOXED(GROCERY),251.33,31,19,591,402418.51,0.0006245488061669927,0.032148900169204735,206
0,DOMESTIC GOODS,248.6,46,38,591,402418.51,0.0006177648239888368,0.06429780033840947,207
0,FRZN JCE CONC/DRNKS,248.59,97,51,591,402418.51,0.0006177399742372685,0.08629441624365482,208
0,HERBS,247.39,191,84,591,402418.51,0.0006147580040490681,0.14213197969543148,209
0,NO COMMODITY DESCRIPTION,241.68,94,80,591,402418.51,0.0006005687959035483,0.1353637901861252,210
0,DELI SUPPLIES,234.87,63,51,591,402418.51,0.0005836461150855114,0.08629441624365482,211
0,CEREAL/BREAKFAST,231.65,51,27,591,402418.51,0.0005756444950805071,0.04568527918781726,212
0,CIGARS,231.62,51,15,591,402418.51,0.0005755699458258021,0.025380710659898477,213
0,OLIVES,231.53,99,64,591,402418.51,0.0005753462980616871,0.10829103214890017,214
0,IRONING AND CHEMICALS,228.26999999999998,26,23,591,402418.51,0.0005672452790504094,0.038917089678511,215
0,FLORAL-FLOWERING PLANTS,227.59,28,26,591,402418.51,0.0005655554959437626,0.043993231810490696,216
0,TOBACCO OTHER,225.31,94,52,591,402418.51,0.000559889752586182,0.08798646362098139,217
0,CANDLES/ACCESSORIES,223.31,71,53,591,402418.51,0.0005549198022725148,0.08967851099830795,218
0,FROZEN CHICKEN,215.34,24,19,591,402418.51,0.0005351145502725508,0.032148900169204735,219
0,WATER,214.93,85,47,591,402418.51,0.000534095710458249,0.07952622673434856,220
0,FLORAL BALLOONS,214.38,36,30,591,402418.51,0.0005327289741219905,0.050761421319796954,221
0,HOSIERY/SOCKS,203.98,42,25,591,402418.51,0.0005068852324909209,0.04230118443316413,222
0,NEW AGE,199.44,65,33,591,402418.51,0.0004956034452788963,0.05583756345177665,223
0,PEARS,198.0,85,55,591,402418.51,0.000492025081053056,0.09306260575296109,224
0,DISPOSIBLE FOILWARE,197.37,56,50,591,402418.51,0.0004904595467042507,0.08460236886632826,225
0,FRZN FRUITS,197.24,40,30,591,402418.51,0.0004901364999338624,0.050761421319796954,226
0,ADULT INCONTINENCE,196.20000000000002,24,17,591,402418.51,0.00048755212577075545,0.028764805414551606,227
0,SNKS/CKYS/CRKR/CNDY,191.55,53,27,591,402418.51,0.00047599699129147915,0.04568527918781726,228
0,APPAREL,190.56,28,25,591,402418.51,0.00047353686588621385,0.04230118443316413,229
0,INSECTICIDES,188.85,40,31,591,402418.51,0.00046928755836802834,0.05245346869712352,230
0,JUICE,186.22,59,32,591,402418.51,0.0004627520737055559,0.05414551607445008,231
0,PERSONAL CARE APPLIANCES,172.57,9,9,591,402418.51,0.00042883216281477704,0.015228426395939087,232
0,PREPARED/PKGD FOODS,168.59,46,25,591,402418.51,0.0004189419616905793,0.04230118443316413,233
0,RICE CAKES,162.35999999999999,47,27,591,402418.51,0.00040346056646350584,0.04568527918781726,234
0,J-HOOKS,146.82000000000002,45,39,591,402418.51,0.0003648440525263115,0.06598984771573604,235
0,HAIR CARE ACCESSORIES,146.82,51,41,591,402418.51,0.00036484405252631144,0.06937394247038917,236
0,SPORTS MEMORABLILIA,145.17,11,10,591,402418.51,0.000360743843517536,0.01692047377326565,237
0,FIREWORKS,141.45,13,13,591,402418.51,0.00035149973593411493,0.021996615905245348,238
0,SNACKS,131.51,42,26,591,402418.51,0.00032679908287518877,0.043993231810490696,239
0,SYRUPS/TOPPINGS,127.95,54,44,591,402418.51,0.00031795257131686115,0.07445008460236886,240
0,OVERNIGHT PHOTOFINISHING,125.58,13,11,591,402418.51,0.00031206318019516544,0.018612521150592216,241
0,SQUASH,120.96,77,49,591,402418.51,0.00030058259497059414,0.0829103214890017,242
0,HALLOWEEN,112.56,29,25,591,402418.51,0.0002797088036531918,0.04230118443316413,243
0,VALENTINE,111.03,22,21,591,402418.51,0.00027590679166323635,0.03553299492385787,244
0,SEAFOOD - MISC,109.08,51,44,591,402418.51,0.0002710610901074108,0.07445008460236886,245
0,BAKING,108.25,29,17,591,402418.51,0.0002689985607272389,0.028764805414551606,246
0,COSMETIC ACCESSORIES,102.25,12,11,591,402418.51,0.0002540887097862372,0.018612521150592216,247
0,NON-DAIRY BEVERAGES,101.62,28,13,591,402418.51,0.00025252317543743205,0.021996615905245348,248
0,ETHNIC PERSONAL CARE,99.94,27,15,591,402418.51,0.00024834841717395154,0.025380710659898477,249
0,CONDIMENTS,96.19,22,16,591,402418.51,0.0002390297603358255,0.02707275803722504,250
0,HOME FREEZING & CANNING SUPPLY,95.23,14,4,591,402418.51,0.00023664418418526523,0.00676818950930626,251
0,UNKNOWN,90.76,34,26,591,402418.51,0.00022553634523421898,0.043993231810490696,252
0,FLORAL-FOLIAGE PLANTS,88.91,13,12,591,402418.51,0.00022093914119407677,0.02030456852791878,253
0,PORTABLE ELECTRIC APPLIANCES,85.46000000000001,4,4,591,402418.51,0.00021236597690300083,0.00676818950930626,254
0,FALL AND WINTER SEASONAL,76.31,15,15,591,402418.51,0.00018962845421797322,0.025380710659898477,255
0,BAKERY PARTY TRAYS,73.18,11,10,591,402418.51,0.00018185048197708403,0.01692047377326565,256
0,HOME FURNISHINGS,69.97,3,3,591,402418.51,0.0001738737117236481,0.005076142131979695,257
0,LAWN AND GARDEN SHOP,67.95,7,7,591,402418.51,0.0001688540619068442,0.011844331641285956,258
0,FLORAL- HARD GOODS,58.89,10,9,591,402418.51,0.00014634018698593163,0.015228426395939087,259
0,LAMB,58.4,16,5,591,402418.51,0.00014512254915908317,0.008460236886632826,260
0,PACKAGED NATURAL SNACKS,57.040000000000006,23,16,591,402418.51,0.00014174298294578945,0.02707275803722504,261
0,GLASSES/VISION AIDS,53.95,5,4,591,402418.51,0.00013406440971117358,0.00676818950930626,262
0,EXOTIC GAME/FOWL,50.53,6,6,591,402418.51,0.00012556579467480261,0.01015228426395939,263
0,SHOE CARE,46.68,20,20,591,402418.51,0.00011599864032099318,0.0338409475465313,264
0,NATURAL VITAMINS,45.01,4,4,591,402418.51,0.00011184873180908104,0.00676818950930626,265
0,DELI SPECIALTIES (RETAIL PK),40.85,14,10,591,402418.51,0.00010151123515665321,0.01692047377326565,266
0,EASTER,39.86,16,16,591,402418.51,9.905110975138792e-05,0.02707275803722504,267
0,COUPON,38.91,5,5,591,402418.51,9.669038335239598e-05,0.008460236886632826,268
0,PROPANE,33.98,2,2,591,402418.51,8.443945582920626e-05,0.00338409475465313,269
0,LONG DISTANCE CALLING CARDS,33.8,4,4,591,402418.51,8.39921603009762e-05,0.00676818950930626,270
0,COFFEE SHOP,33.03,8,5,591,402418.51,8.207872943021433e-05,0.008460236886632826,271
0,COUPONS/STORE & MFG,32.27,49,39,591,402418.51,8.019014831102079e-05,0.06598984771573604,272
0,SEASONAL,31.28,6,5,591,402418.51,7.77300229057555e-05,0.008460236886632826,273
0,COFFEE SHOP SWEET GOODS&RETAIL,27.64,5,5,591,402418.51,6.868471333488114e-05,0.008460236886632826,274
0,DRY TEA/COFFEE/COCO MIX,24.94,5,5,591,402418.51,6.197528041143038e-05,0.008460236886632826,275
0,SERVICE BEVERAGE,24.89,22,14,591,402418.51,6.18510316535887e-05,0.023688663282571912,276
0,QUICK SERVICE,22.62,6,4,591,402418.51,5.6210138047576394e-05,0.00676818950930626,277
0,GLASSWARE & DINNERWARE,21.96,5,5,591,402418.51,5.4570054444066206e-05,0.008460236886632826,278
0,NON EDIBLE PRODUCTS,18.98,2,2,591,402418.51,4.716482847670203e-05,0.00338409475465313,279
0,BIRD SEED,18.67,4,4,591,402418.51,4.639448617808361e-05,0.00676818950930626,280
0,DOLLAR VALUE PRODUCTS,17.85,8,8,591,402418.51,4.435680654948004e-05,0.01353637901861252,281
0,VEAL,14.84,2,2,591,402418.51,3.687703132741086e-05,0.00338409475465313,282
0,CONTINUITIES,14.450000000000001,3,3,591,402418.51,3.590789101624575e-05,0.005076142131979695,283
0,RESTRICTED DIET,13.870000000000001,4,4,591,402418.51,3.446660542528225e-05,0.00676818950930626,284
0,FRZN SEAFOOD,11.98,3,3,591,402418.51,2.9770002378866718e-05,0.005076142131979695,285
0,FLORAL-ACCESSORIES,11.49,3,3,591,402418.51,2.8552364552018246e-05,0.005076142131979695,286
0,SEWING,11.34,6,6,591,402418.51,2.81796182784932e-05,0.01015228426395939,287
0,(CORP USE ONLY),9.879999999999999,3,3,591,402418.51,2.4551554549516122e-05,0.005076142131979695,288
0,MISCELLANEOUS HBC,8.97,2,2,591,402418.51,2.2290227156797534e-05,0.00338409475465313,289
0,MEAT SUPPLIES,7.57,2,2,591,402418.51,1.881126193723047e-05,0.00338409475465313,290
0,WATCHES/CALCULATORS/LOBBY,5.24,2,2,591,402418.51,1.3021269821808147e-05,0.00338409475465313,291
0,PKG.SEAFOOD MISC,3.49,1,1,591,402418.51,8.67256329734932e-06,0.001692047377326565,292
0,BABYFOOD,2.47,1,1,591,402418.51,6.1378886373790315e-06,0.001692047377326565,293
0,PROD SUPPLIES,0.79,2,2,591,402418.51,1.9631303738985565e-06,0.00338409475465313,294
0,BOTTLE DEPOSITS,0.3,1,1,591,402418.51,7.454925470500847e-07,0.001692047377326565,295
1,COUPON/MISC ITEMS,542555.42,22630,968,1007,5923641.65,0.091591533056359,0.9612711022840119,1
1,SOFT DRINKS,237213.63,52543,1004,1007,5923641.65,0.04004523636233127,0.997020854021847,2
1,BEEF,221253.67,26166,980,1007,5923641.65,0.037350954543308675,0.9731876861966237,3
1,FLUID MILK PRODUCTS,149879.7,49425,1005,1007,5923641.65,0.025301952558186906,0.9980139026812314,4
1,CHEESE,135886.4,33676,1005,1007,5923641.65,0.022939672591437057,0.9980139026812314,5
1,FRZN MEAT/MEAT DINNERS,109611.53,15872,963,1007,5923641.65,0.018504078483545672,0.9563058589870904,6
1,BAG SNACKS,106251.61,30361,1005,1007,5923641.65,0.01793687334209354,0.9980139026812314,7
1,BEERS/ALES,105998.51,11250,806,1007,5923641.65,0.017894146247013437,0.8003972194637538,8
1,BAKED BREAD/BUNS/ROLLS,104919.67,42920,1004,1007,5923641.65,0.017712021793215665,0.997020854021847,9
1,FROZEN PIZZA,101203.81,16258,947,1007,5923641.65,0.01708472861453393,0.9404170804369414,10
1,COLD CEREAL,80037.07,17979,974,1007,5923641.65,0.01351146384758099,0.9672293942403177,11
1,DELI MEATS,79452.27,12645,865,1007,5923641.65,0.01341274079265075,0.858987090367428,12
1,CIGARETTES,78324.0,8739,520,1007,5923641.65,0.013222271809774313,0.5163853028798411,13
1,CHICKEN,67399.42,10736,915,1007,5923641.65,0.011378038035099573,0.9086395233366436,14
1,LUNCHMEAT,64195.01,16656,969,1007,5923641.65,0.010837085325713449,0.9622641509433962,15
1,SOUP,62517.51,16956,995,1007,5923641.65,0.01055389804006797,0.9880834160873883,16
1,PORK,62024.71,8651,849,1007,5923641.65,0.010470705971891462,0.843098311817279,17
1,ICE CREAM/MILK/SHERBTS,58444.64,14042,986,1007,5923641.65,0.009866336192028091,0.9791459781529295,18
1,CANDY - PACKAGED,55435.64,16128,992,1007,5923641.65,0.009358371636137036,0.9851042701092354,19
1,CANNED JUICES,54530.6,14743,977,1007,5923641.65,0.00920558724209794,0.9702085402184707,20
1,DOMESTIC WINE,50893.1,3698,447,1007,5923641.65,0.008591522412568626,0.4438927507447865,21
1,REFRGRATD JUICES/DRNKS,50498.95,18018,963,1007,5923641.65,0.008524983951384027,0.9563058589870904,22
1,WATER - CARBONATED/FLVRD DRINK,48270.18,13620,922,1007,5923641.65,0.008148733980219751,0.9155908639523337,23
1,COFFEE,48023.51,8537,836,1007,5923641.65,0.008107092366061677,0.8301886792452831,24
1,DIAPERS & DISPOSABLES,47423.29,3606,372,1007,5923641.65,0.008005766182699454,0.36941410129096325,25
1,CRACKERS/MISC BKD FD,45371.37,16071,998,1007,5923641.65,0.0076593711572677595,0.9910625620655412,26
1,BATH TISSUES,45336.6,10160,925,1007,5923641.65,0.007653501457165289,0.9185700099304865,27
1,MEAT - MISC,44778.1,5784,833,1007,5923641.65,0.007559218238665736,0.8272095332671301,28
1,SEAFOOD - FROZEN,42228.67,5285,815,1007,5923641.65,0.007128836026061771,0.8093346573982125,29
1,LAUNDRY DETERGENTS,41925.78,6464,865,1007,5923641.65,0.00707770362847658,0.858987090367428,30
1,YOGURT,41854.21,12524,877,1007,5923641.65,0.007065621533672618,0.8709036742800397,31
1,VEGETABLES - SHELF STABLE,41286.55,16442,983,1007,5923641.65,0.006969791969100629,0.9761668321747765,32
1,DOG FOODS,40818.34,5523,528,1007,5923641.65,0.006890751063579275,0.5243296921549155,33
1,CONVENIENT BRKFST/WHLSM SNACKS,40007.27,10289,892,1007,5923641.65,0.006753830221988529,0.8857994041708044,34
1,COOKIES/CONES,39524.11,12357,979,1007,5923641.65,0.006672265531119695,0.9721946375372393,35
1,CHEESES,39232.49,8427,805,1007,5923641.65,0.006623035679411835,0.7994041708043694,36
1,BAKED SWEET GOODS,38613.04,13349,922,1007,5923641.65,0.006518463182187936,0.9155908639523337,37
1,MEAT - SHELF STABLE,37240.03,9689,904,1007,5923641.65,0.006286678398245106,0.8977159880834161,38
1,FROZEN MEAT,35340.61,5773,826,1007,5923641.65,0.005966027671508454,0.82025819265144,39
1,HISPANIC,34965.5,10380,939,1007,5923641.65,0.005902703449321584,0.9324726911618669,40
1,INFANT FORMULA,34290.57,1887,255,1007,5923641.65,0.005788765091824891,0.253227408142999,41
1,HAIR CARE PRODUCTS,34172.2,5997,821,1007,5923641.65,0.005768782451585334,0.8152929493545183,42
1,POTATOES,33774.9,11323,957,1007,5923641.65,0.005701712222919494,0.9503475670307845,43
1,BACON,33358.42,7996,880,1007,5923641.65,0.005631404121145646,0.8738828202581926,44
1,SALD DRSNG/SNDWCH SPRD,33305.99,11753,993,1007,5923641.65,0.005622553146846753,0.9860973187686196,45
1,BREAKFAST SAUSAGE/SANDWICHES,32698.86,7856,869,1007,5923641.65,0.0055200604513272675,0.8629592850049652,46
1,SALAD MIX,32461.31,11239,914,1007,5923641.65,0.005479958430638693,0.9076464746772592,47
1,FD WRAPS/BAGS/TRSH BG,32198.55,8482,966,1007,5923641.65,0.005435600581949449,0.9592850049652433,48
1,CONDIMENTS/SAUCES,32000.06,12759,995,1007,5923641.65,0.005402092478028275,0.9880834160873883,49
1,REFRGRATD DOUGH PRODUCTS,31514.65,10384,925,1007,5923641.65,0.005320147953244268,0.9185700099304865,50
1,DINNER MXS:DRY,31473.22,9260,917,1007,5923641.65,0.005313153944752887,0.9106256206554121,51
1,FRZN VEGETABLE/VEG DSH,31342.49,9350,897,1007,5923641.65,0.005291084750205982,0.8907646474677259,52
1,TOMATOES,30684.22,11249,918,1007,5923641.65,0.005179958851832301,0.9116186693147964,53
1,HOUSEHOLD CLEANG NEEDS,29670.670000000002,5603,854,1007,5923641.65,0.005008856334177474,0.8480635551142006,54
1,MILK BY-PRODUCTS,29638.59,14118,964,1007,5923641.65,0.005003440746622476,0.9572989076464746,55
1,DINNER SAUSAGE,29517.42,6810,879,1007,5923641.65,0.004982985424177372,0.8728897715988083,56
1,TROPICAL FRUIT,29440.84,23428,980,1007,5923641.65,0.004970057565855625,0.9731876861966237,57
1,FRUIT - SHELF STABLE,29088.84,9580,929,1007,5923641.65,0.004910634660015263,0.9225422045680238,58
1,FRZN NOVELTIES/WTR ICE,28733.91,7363,904,1007,5923641.65,0.0048507171260098085,0.8977159880834161,59
1,EGGS,28370.28,19721,998,1007,5923641.65,0.0047893309008656855,0.9910625620655412,60
1,APPLES,28232.14,9571,908,1007,5923641.65,0.0047660107866248115,0.9016881827209533,61
1,ORAL HYGIENE PRODUCTS,27193.5,5725,880,1007,5923641.65,0.0045906726987781235,0.8738828202581926,62
1,DRY BN/VEG/POTATO/RICE,26441.09,9485,952,1007,5923641.65,0.004463654549393615,0.945382323733863,63
1,CAKES,25690.56,3068,770,1007,5923641.65,0.004336953772347117,0.7646474677259185,64
1,BERRIES,25278.43,6677,826,1007,5923641.65,0.004267380016142603,0.82025819265144,65
1,GREETING CARDS/WRAP/PARTY SPLY,25120.51,5665,856,1007,5923641.65,0.004240720739749677,0.8500496524329693,66
1,MAGAZINE,24861.329999999998,5475,668,1007,5923641.65,0.0041969672490232415,0.663356504468719,67
1,FUEL,24850.66,1468,229,1007,5923641.65,0.004195165992189956,0.22740814299900694,68
1,CAT FOOD,24696.68,4751,424,1007,5923641.65,0.004169171847186266,0.42105263157894735,69
1,VEGETABLES - ALL OTHERS,24523.06,11957,927,1007,5923641.65,0.004139862174140801,0.9205561072492552,70
1,PASTA SAUCE,24227.58,8375,922,1007,5923641.65,0.004089980696249578,0.9155908639523337,71
1,GRAPES,23627.57,7007,894,1007,5923641.65,0.003988689964052771,0.887785501489573,72
1,HOT DOGS,23359.0,7613,894,1007,5923641.65,0.003943351299787015,0.887785501489573,73
1,PAPER TOWELS,23333.34,7748,863,1007,5923641.65,0.003939019505003311,0.8570009930486594,74
1,BAKING MIXES,22566.9,8191,916,1007,5923641.65,0.0038096328801388584,0.9096325719960278,75
1,PNT BTR/JELLY/JAMS,22332.89,7272,942,1007,5923641.65,0.003770128464810156,0.9354518371400199,76
1,CHICKEN/POULTRY,22170.62,4220,650,1007,5923641.65,0.0037427348428478954,0.6454816285998014,77
1,BAKING NEEDS,22112.45,7713,933,1007,5923641.65,0.003732914870027629,0.9265143992055611,78
1,SALAD BAR,21458.41,6123,634,1007,5923641.65,0.0036225030594144733,0.6295928500496525,79
1,CANDY - CHECKLANE,20969.63,17401,983,1007,5923641.65,0.0035399896278330745,0.9761668321747765,80
1,SPICES & EXTRACTS,20272.13,6774,970,1007,5923641.65,0.003422241114129515,0.9632571996027806,81
1,SHORTENING/OIL,20015.73,5858,941,1007,5923641.65,0.00337895692930716,0.9344587884806356,82
1,REFRIGERATED,19950.0,3967,418,1007,5923641.65,0.0033678607145319127,0.41509433962264153,83
1,COLD AND FLU,19873.28,3763,836,1007,5923641.65,0.003354909222099888,0.8301886792452831,84
1,HEAT/SERVE,19648.96,3758,683,1007,5923641.65,0.0033170406248325297,0.6782522343594836,85
1,SUGARS/SWEETNERS,19560.3,7349,943,1007,5923641.65,0.0033020734804239883,0.9364448857994042,86
1,ANALGESICS,19288.55,3233,762,1007,5923641.65,0.003256197984224788,0.7567030784508441,87
1,ISOTONIC DRINKS,18682.45,4028,644,1007,5923641.65,0.003153879168230914,0.6395233366434955,88
1,SMOKED MEATS,18556.61,2685,650,1007,5923641.65,0.0031326354793929844,0.6454816285998014,89
1,SEAFOOD-FRESH,18505.74,2750,509,1007,5923641.65,0.0031240478566086118,0.5054617676266137,90
1,PAPER HOUSEWARES,18390.57,5673,850,1007,5923641.65,0.0031046054246039677,0.8440913604766633,91
1,MAKEUP AND TREATMENT,18213.13,3034,650,1007,5923641.65,0.003074650877978076,0.6454816285998014,92
1,CITRUS,17960.36,7423,855,1007,5923641.65,0.0030319794918722,0.8490566037735849,93
1,SEAFOOD - SHELF STABLE,17620.6,5638,828,1007,5923641.65,0.002974622882530377,0.8222442899702085,94
1,FRZN BREAKFAST FOODS,17619.39,5222,758,1007,5923641.65,0.0029744186162915507,0.7527308838133069,95
1,IMPORTED WINE,17502.21,1390,228,1007,5923641.65,0.0029546368659893528,0.22641509433962265,96
1,ONIONS,17494.89,11426,941,1007,5923641.65,0.0029534011396519905,0.9344587884806356,97
1,LIQUOR,17172.62,1611,424,1007,5923641.65,0.002898997105944111,0.42105263157894735,98
1,MISC. DAIRY,16934.5,5394,840,1007,5923641.65,0.002858798860663693,0.8341608738828202,99
1,DRY NOODLES/PASTA,16859.54,10170,973,1007,5923641.65,0.0028461444827608704,0.9662363455809335,100
1,BABY FOODS,16713.92,3080,323,1007,5923641.65,0.0028215616317708884,0.32075471698113206,101
1,SHAVING CARE PRODUCTS,16650.98,2382,621,1007,5923641.65,0.0028109364110504554,0.6166832174776564,102
1,PREPAID WIRELESS&ACCESSORIES,16537.93,823,185,1007,5923641.65,0.0027918518670014413,0.18371400198609733,103
1,SALADS/DIPS,16497.9,4089,763,1007,5923641.65,0.0027850941996128346,0.7576961271102284,104
1,MARGARINES,16275.17,9539,931,1007,5923641.65,0.002747494018312198,0.9245283018867925,105
1,HAND/BODY/FACIAL PRODUCTS,16005.84,2159,577,1007,5923641.65,0.0027020270545906502,0.5729890764647467,106
1,SOAP - LIQUID & BAR,15971.14,4336,823,1007,5923641.65,0.002696169171543319,0.817279046673287,107
1,PREPARED FOOD,15919.05,3451,568,1007,5923641.65,0.002687375594369386,0.564051638530288,108
1,FRZN POTATOES,15701.05,6004,805,1007,5923641.65,0.0026505739083659795,0.7994041708043694,109
1,LAUNDRY ADDITIVES,15529.12,3424,714,1007,5923641.65,0.0026215495327945775,0.7090367428003972,110
1,FEMININE HYGIENE,15512.28,3319,704,1007,5923641.65,0.002618706686958351,0.6991062562065541,111
1,FROZEN PIE/DESSERTS,14851.4,4645,833,1007,5923641.65,0.00250714018124307,0.8272095332671301,112
1,DISHWASH DETERGENTS,14737.51,4822,848,1007,5923641.65,0.0024879138325323916,0.8421052631578947,113
1,FLORAL-FRESH CUT,14733.86,1674,508,1007,5923641.65,0.0024872976575144447,0.5044687189672294,114
1,VITAMINS,14580.1,1497,473,1007,5923641.65,0.0024613406518269043,0.46971201588877853,115
1,FACIAL TISS/DNR NAPKIN,14464.28,5251,769,1007,5923641.65,0.0024417884900245442,0.7636544190665343,116
1,TURKEY,14398.06,1953,554,1007,5923641.65,0.0024306095558633257,0.5501489572989077,117
1,STATIONERY & SCHOOL SUPPLIES,14202.47,3581,771,1007,5923641.65,0.0023975910156550403,0.7656405163853028,118
1,FROZEN BREAD/DOUGH,13786.21,5198,808,1007,5923641.65,0.002327320053197343,0.8023833167825224,119
1,BREAKFAST SWEETS,13648.63,5790,819,1007,5923641.65,0.002304094475397579,0.8133068520357497,120
1,BREAD,13388.84,5909,730,1007,5923641.65,0.0022602380074763636,0.7249255213505462,121
1,VALUE ADDED FRUIT,13387.02,4136,704,1007,5923641.65,0.0022599307640427573,0.6991062562065541,122
1,SNACK NUTS,13113.68,3513,704,1007,5923641.65,0.002213786851876835,0.6991062562065541,123
1,AIR CARE,13049.13,2818,675,1007,5923641.65,0.0022028898388882115,0.6703078450844091,124
1,BUTTER,13034.63,3847,553,1007,5923641.65,0.0022004420203237647,0.5491559086395233,125
1,ORGANICS FRUIT & VEGETABLES,12934.4,3888,680,1007,5923641.65,0.0021835216855158684,0.6752730883813307,126
1,CAT LITTER,12816.62,2278,336,1007,5923641.65,0.0021636386461696246,0.3336643495531281,127
1,BEANS - CANNED GLASS & MW,12538.67,6746,876,1007,5923641.65,0.002116716496515281,0.8699106256206555,128
1,DIETARY AID PRODUCTS,12457.89,1432,319,1007,5923641.65,0.0021030796148852116,0.31678252234359483,129
1,BABY HBC,12437.42,3128,602,1007,5923641.65,0.0020996239703325063,0.5978152929493545,130
1,HOT CEREAL,11935.69,3930,773,1007,5923641.65,0.0020149243835504466,0.7676266137040715,131
1,STONE FRUIT,11935.69,3902,721,1007,5923641.65,0.0020149243835504466,0.7159880834160874,132
1,CARROTS,11739.56,6157,850,1007,5923641.65,0.0019818146832025194,0.8440913604766633,133
1,PEPPERS-ALL,11560.52,5878,794,1007,5923641.65,0.0019515900324591714,0.788480635551142,134
1,WAREHOUSE SNACKS,11544.63,4783,825,1007,5923641.65,0.0019489075609426844,0.8192651439920556,135
1,PWDR/CRYSTL DRNK MX,11434.98,3754,680,1007,5923641.65,0.0019303969881432647,0.6752730883813307,136
1,PICKLE/RELISH/PKLD VEG,11375.15,4520,832,1007,5923641.65,0.0019202967823011372,0.8262164846077458,137
1,PROCESSED,11255.9,3429,729,1007,5923641.65,0.0019001655847969803,0.7239324726911619,138
1,DEODORANTS,11245.16,3000,729,1007,5923641.65,0.0018983525109085555,0.7239324726911619,139
1,BOOKSTORE,11198.66,1068,399,1007,5923641.65,0.001890502609994985,0.39622641509433965,140
1,SPRING/SUMMER SEASONAL,10399.48,1381,608,1007,5923641.65,0.0017555889796270845,0.6037735849056604,141
1,VEGETABLES SALAD,10380.13,7725,834,1007,5923641.65,0.0017523224079565986,0.8282025819265144,142
1,COOKIES,10278.51,2566,703,1007,5923641.65,0.0017351674201966623,0.6981132075471698,143
1,MELONS,10127.16,3089,657,1007,5923641.65,0.0017096172588360404,0.6524329692154915,144
1,BATTERIES,10053.51,1694,627,1007,5923641.65,0.001697184028679385,0.6226415094339622,145
1,AUDIO/VIDEO PRODUCTS,9879.1,644,333,1007,5923641.65,0.0016677409917259258,0.33068520357497516,146
1,PET CARE SUPPLIES,9782.94,1905,480,1007,5923641.65,0.0016515077342668086,0.4766633565044687,147
1,MOLASSES/SYRUP/PANCAKE MIXS,9764.46,3272,795,1007,5923641.65,0.0016483880317101894,0.7894736842105263,148
1,POPCORN,9516.41,2959,713,1007,5923641.65,0.001606513452750809,0.7080436941410129,149
1,DRY SAUCES/GRAVY,9242.76,4788,767,1007,5923641.65,0.0015603172079121294,0.7616683217477657,150
1,FIRST AID PRODUCTS,9038.62,2003,665,1007,5923641.65,0.0015258552988261875,0.660377358490566,151
1,MUSHROOMS,9007.14,3647,526,1007,5923641.65,0.0015205410003152366,0.522343594836147,152
1,SINUS AND ALLERGY,8934.44,1249,461,1007,5923641.65,0.0015082681444783211,0.45779543197616684,153
1,FROZEN,8843.74,1231,200,1007,5923641.65,0.001492956617320023,0.19860973187686196,154
1,NO COMMODITY DESCRIPTION,8695.79,1726,586,1007,5923641.65,0.0014679804272089956,0.5819265143992055,155
1,ANTACIDS,8670.57,1285,459,1007,5923641.65,0.0014637229110575922,0.4558093346573982,156
1,PIES,8440.63,1859,511,1007,5923641.65,0.001424905573077669,0.5074478649453823,157
1,CHRISTMAS  SEASONAL,8438.41,1455,569,1007,5923641.65,0.0014245308036146987,0.5650446871896723,158
1,CHARCOAL AND LIGHTER FLUID,8430.1,1428,444,1007,5923641.65,0.0014231279503546606,0.44091360476663355,159
1,TEAS,8292.74,2500,637,1007,5923641.65,0.0013999395118710462,0.6325719960278053,160
1,ELECTRICAL SUPPPLIES,8221.94,2014,650,1007,5923641.65,0.0013879874046736098,0.6454816285998014,161
1,TOYS AND GAMES,8192.99,1418,481,1007,5923641.65,0.0013831002082983867,0.47765640516385305,162
1,DRY MIX DESSERTS,8105.51,3881,805,1007,5923641.65,0.0013683322656764694,0.7994041708043694,163
1,BROOMS AND MOPS,7702.25,2285,665,1007,5923641.65,0.001300255899173104,0.660377358490566,164
1,BROCCOLI/CAULIFLOWER,7562.72,3407,583,1007,5923641.65,0.00127670113198019,0.5789473684210527,165
1,ROLLS,7535.64,3680,693,1007,5923641.65,0.0012721296197922439,0.6881827209533267,166
1,LAXATIVES,7305.86,1130,339,1007,5923641.65,0.001233339292224066,0.33664349553128103,167
1,BLEACH,7219.82,2623,692,1007,5923641.65,0.0012188144433078593,0.6871896722939425,168
1,COCOA MIXES,7169.04,2806,703,1007,5923641.65,0.0012102420138800935,0.6981132075471698,169
1,FITNESS&DIET,7005.89,1266,229,1007,5923641.65,0.0011826998346532323,0.22740814299900694,170
1,DRIED FRUIT,6974.7300000000005,2227,538,1007,5923641.65,0.001177439556965773,0.5342601787487586,171
1,MISC WINE,6583.72,886,370,1007,5923641.65,0.0011114311751116814,0.36742800397219466,172
1,NUTS,6559.77,1365,416,1007,5923641.65,0.0011073880541035092,0.4131082423038729,173
1,TICKETS,6480.63,533,224,1007,5923641.65,0.0010940280291938322,0.2224428997020854,174
1,IN-STORE PHOTOFINISHING,6415.97,579,222,1007,5923641.65,0.0010831124465471337,0.22045680238331677,175
1,PLASTIC HOUSEWARES,6167.33,1583,626,1007,5923641.65,0.001041138266694441,0.6216484607745779,176
1,GARDEN CENTER,5901.5,400,194,1007,5923641.65,0.0009962621557298287,0.1926514399205561,177
1,VALUE ADDED VEGETABLES,5861.97,1626,439,1007,5923641.65,0.0009895888958779268,0.435948361469712,178
1,EYE AND EAR CARE PRODUCTS,5686.54,828,330,1007,5923641.65,0.0009599736675495891,0.32770605759682225,179
1,CEREAL/BREAKFAST,5515.06,1137,214,1007,5923641.65,0.0009310252587612217,0.21251241310824232,180
1,FILM AND CAMERA PRODUCTS,5225.58,713,363,1007,5923641.65,0.0008821566713104597,0.36047666335650447,181
1,ROSES,5211.6,358,203,1007,5923641.65,0.0008797966365841864,0.2015888778550149,182
1,KITCHEN GADGETS,5137.16,1346,611,1007,5923641.65,0.0008672300425195369,0.6067527308838133,183
1,COOKWARE & BAKEWARE,4969.18,729,421,1007,5923641.65,0.0008388724864881048,0.41807348560079444,184
1,FRZN ICE,4807.39,1701,500,1007,5923641.65,0.0008115598957610814,0.49652432969215493,185
1,NEWSPAPER,4621.54,3676,505,1007,5923641.65,0.0007801856143678103,0.5014895729890765,186
1,CANDLES/ACCESSORIES,4607.88,890,396,1007,5923641.65,0.000777879600465028,0.3932472691161867,187
1,PARTY TRAYS,4493.24,282,162,1007,5923641.65,0.0007585266404492917,0.1608738828202582,188
1,CHIPS&SNACKS,4401.71,1279,290,1007,5923641.65,0.0007430749967800635,0.28798411122144985,189
1,OLIVES,4400.03,1971,493,1007,5923641.65,0.0007427913874567344,0.48957298907646474,190
1,INFANT CARE PRODUCTS,4384.07,793,274,1007,5923641.65,0.0007400970988851089,0.27209533267130087,191
1,FRZN FRUITS,4343.02,830,261,1007,5923641.65,0.0007331672401216235,0.25918570009930486,192
1,MISCELLANEOUS,4339.96,1637,495,1007,5923641.65,0.0007326506659969885,0.4915590863952334,193
1,FLOUR & MEALS,4132.07,2260,687,1007,5923641.65,0.0006975557003857584,0.6822244289970208,194
1,FROZEN - BOXED(GROCERY),4016.14,632,305,1007,5923641.65,0.0006779849689253231,0.3028798411122145,195
1,FRZN JCE CONC/DRNKS,3964.5299999999997,1364,314,1007,5923641.65,0.0006692724229866267,0.3118172790466733,196
1,HARDWARE SUPPLIES,3954.19,897,436,1007,5923641.65,0.0006675268751275661,0.4329692154915591,197
1,SUSHI,3924.4700000000003,466,82,1007,5923641.65,0.0006625096911458174,0.0814299900695134,198
1,CORN,3752.35,1971,544,1007,5923641.65,0.0006334532407104673,0.5402184707050646,199
1,SANDWICHES,3681.05,675,195,1007,5923641.65,0.0006214167259763257,0.1936444885799404,200
1,FLORAL-FLOWERING PLANTS,3639.59,353,226,1007,5923641.65,0.000614417653032742,0.22442899702085403,201
1,BATH,3637.92,828,386,1007,5923641.65,0.0006141357318601472,0.3833167825223436,202
1,SWEET GOODS & SNACKS,3517.16,1060,406,1007,5923641.65,0.000593749623595141,0.4031777557100298,203
1,HERBS,3498.67,2429,489,1007,5923641.65,0.0005906282328877879,0.4856007944389275,204
1,HAIR CARE ACCESSORIES,3468.4700000000003,942,450,1007,5923641.65,0.0005855300176708022,0.4468718967229394,205
1,PEARS,3413.14,1511,380,1007,5923641.65,0.0005761894796590201,0.37735849056603776,206
1,COFFEE FILTERS,3306.22,1235,457,1007,5923641.65,0.00055813977201001,0.4538232373386296,207
1,FAMILY PLANNING,3298.5,383,217,1007,5923641.65,0.0005568365196432839,0.21549155908639522,208
1,SNACKS,3244.15,988,303,1007,5923641.65,0.0005476614204034439,0.30089374379344586,209
1,JUICE,3183.83,733,204,1007,5923641.65,0.0005374784951753454,0.2025819265143992,210
1,HALLOWEEN,3067.12,482,285,1007,5923641.65,0.0005177760879576501,0.2830188679245283,211
1,HOSIERY/SOCKS,2979.88,587,265,1007,5923641.65,0.0005030486609533512,0.2631578947368421,212
1,FROZEN CHICKEN,2943.52,325,162,1007,5923641.65,0.0004969105448841592,0.1608738828202582,213
1,SNKS/CKYS/CRKR/CNDY,2879.16,728,209,1007,5923641.65,0.0004860456067594838,0.20754716981132076,214
1,APPAREL,2813.95,356,224,1007,5923641.65,0.0004750371758224098,0.2224428997020854,215
1,DOMESTIC GOODS,2808.69,564,335,1007,5923641.65,0.0004741492085362726,0.3326713008937438,216
1,ADULT INCONTINENCE,2800.21,306,79,1007,5923641.65,0.00047271765671375477,0.07845084409136048,217
1,SQUASH,2782.2599999999998,1662,349,1007,5923641.65,0.00046968742614604303,0.34657398212512414,218
1,WATER,2776.4,1105,287,1007,5923641.65,0.0004686981698158598,0.28500496524329694,219
1,FOOT CARE PRODUCTS,2750.62,378,211,1007,5923641.65,0.00046434611722334684,0.20953326713008938,220
1,AUTOMOTIVE PRODUCTS,2727.5,669,373,1007,5923641.65,0.00046044311272610487,0.37040714995034757,221
1,TOBACCO OTHER,2712.79,664,271,1007,5923641.65,0.00045795984299624196,0.26911618669314796,222
1,INSECTICIDES,2605.38,514,316,1007,5923641.65,0.00043982741596126093,0.3138033763654419,223
1,DISPOSIBLE FOILWARE,2603.91,732,385,1007,5923641.65,0.000439579257803348,0.38232373386295926,224
1,IRONING AND CHEMICALS,2583.77,297,201,1007,5923641.65,0.0004361793222248682,0.19960278053624628,225
1,UNKNOWN,2580.54,775,351,1007,5923641.65,0.00043563404953775347,0.3485600794438927,226
1,RICE CAKES,2557.7400000000002,872,286,1007,5923641.65,0.0004317850658640028,0.2840119165839126,227
1,CANNED MILK,2485.42,1233,440,1007,5923641.65,0.0004195763597549828,0.4369414101290963,228
1,J-HOOKS,2399.68,685,365,1007,5923641.65,0.000405102155360799,0.3624627606752731,229
1,PREPARED/PKGD FOODS,2346.69,534,122,1007,5923641.65,0.00039615664462079673,0.1211519364448858,230
1,FLORAL-FOLIAGE PLANTS,2258.46,207,134,1007,5923641.65,0.00038126209069382175,0.13306852035749753,231
1,SMOKING CESSATIONS,2253.73,57,21,1007,5923641.65,0.0003804635953965919,0.020854021847070508,232
1,LAWN AND GARDEN SHOP,2157.64,216,132,1007,5923641.65,0.00036424215499261333,0.13108242303872888,233
1,SUNTAN,2128.93,264,191,1007,5923641.65,0.0003593954742350087,0.18967229394240318,234
1,SYRUPS/TOPPINGS,1880.81,736,363,1007,5923641.65,0.00031750907822048955,0.36047666335650447,235
1,FALL AND WINTER SEASONAL,1802.27,226,165,1007,5923641.65,0.00030425034235485865,0.16385302879841113,236
1,PERSONAL CARE APPLIANCES,1737.07,131,107,1007,5923641.65,0.00029324359956851875,0.10625620655412116,237
1,FRAGRANCES,1735.37,81,65,1007,5923641.65,0.0002929566139437216,0.06454816285998013,238
1,SEAFOOD - MISC,1705.09,821,359,1007,5923641.65,0.0002878448935208631,0.35650446871896724,239
1,OVERNIGHT PHOTOFINISHING,1606.68,128,70,1007,5923641.65,0.0002712318021465731,0.06951340615690169,240
1,NON-DAIRY BEVERAGES,1605.13,378,73,1007,5923641.65,0.00027097013878278744,0.07249255213505462,241
1,VALENTINE,1585.34,335,228,1007,5923641.65,0.00026762928848000114,0.22641509433962265,242
1,EASTER,1541.96,452,288,1007,5923641.65,0.0002603060905954701,0.28599801390268126,243
1,FLORAL BALLOONS,1491.06,251,168,1007,5923641.65,0.00025171340335889493,0.16683217477656406,244
1,PORTABLE ELECTRIC APPLIANCES,1466.7,98,88,1007,5923641.65,0.0002476010681706244,0.08738828202581926,245
1,DELI SUPPLIES,1392.46,396,268,1007,5923641.65,0.00023506823712065702,0.26613704071499505,246
1,FLORAL- HARD GOODS,1386.8700000000001,178,116,1007,5923641.65,0.00023412456086029446,0.11519364448857994,247
1,HOME FURNISHINGS,1308.7,68,53,1007,5923641.65,0.00022092828657182528,0.05263157894736842,248
1,NEW AGE,1295.44,415,172,1007,5923641.65,0.00021868979869840707,0.1708043694141013,249
1,SEASONAL,1266.25,189,152,1007,5923641.65,0.00021376208670556565,0.1509433962264151,250
1,CONDIMENTS,1231.83,295,115,1007,5923641.65,0.00020795147187878927,0.11420059582919563,251
1,BAKING,1218.63,256,102,1007,5923641.65,0.0002057231129097757,0.1012909632571996,252
1,SPORTS MEMORABLILIA,1206.34,135,103,1007,5923641.65,0.0002036483756575653,0.10228401191658391,253
1,COSMETIC ACCESSORIES,1123.84,152,109,1007,5923641.65,0.0001897211321012303,0.10824230387288977,254
1,PACKAGED NATURAL SNACKS,1078.39,297,142,1007,5923641.65,0.00018204848701474033,0.141012909632572,255
1,PROPANE,1074.53,44,33,1007,5923641.65,0.00018139686083137725,0.03277060575968222,256
1,EXOTIC GAME/FOWL,1023.38,145,93,1007,5923641.65,0.00017276196982644957,0.09235352532274081,257
1,FIREWORKS,961.39,117,91,1007,5923641.65,0.00016229712342575618,0.0903674280039722,258
1,GLASSES/VISION AIDS,951.88,100,72,1007,5923641.65,0.00016069169207762592,0.07149950347567031,259
1,DELI SPECIALTIES (RETAIL PK),933.87,313,179,1007,5923641.65,0.00015765133260550965,0.17775571002979146,260
1,BIRD SEED,909.19,211,73,1007,5923641.65,0.00015348497659374786,0.07249255213505462,261
1,GLASSWARE & DINNERWARE,900.0,136,112,1007,5923641.65,0.00015193356606910883,0.1112214498510427,262
1,ETHNIC PERSONAL CARE,856.18,222,100,1007,5923641.65,0.00014453608955227734,0.09930486593843098,263
1,COUPONS/STORE & MFG,775.0600000000001,616,296,1007,5923641.65,0.00013084181079724835,0.2939424031777557,264
1,BEVERAGE,737.05,234,81,1007,5923641.65,0.00012442514985692963,0.0804369414101291,265
1,LAMB,706.24,81,40,1007,5923641.65,0.00011922395744516382,0.039721946375372394,266
1,BAKERY PARTY TRAYS,639.55,82,60,1007,5923641.65,0.00010796568019944285,0.05958291956305859,267
1,QUICK SERVICE,619.85,97,46,1007,5923641.65,0.00010464002325326347,0.04568023833167825,268
1,CONTINUITIES,606.52,120,88,1007,5923641.65,0.00010238971832470655,0.08738828202581926,269
1,LONG DISTANCE CALLING CARDS,605.13,54,23,1007,5923641.65,0.00010215506537266648,0.022840119165839126,270
1,BABYFOOD,598.74,129,27,1007,5923641.65,0.00010107633705357581,0.026812313803376366,271
1,DRY TEA/COFFEE/COCO MIX,598.07,124,56,1007,5923641.65,0.00010096323095439104,0.05561072492552135,272
1,COFFEE SHOP,597.14,150,38,1007,5923641.65,0.00010080623293611962,0.03773584905660377,273
1,HOME FREEZING & CANNING SUPPLY,579.51,97,67,1007,5923641.65,9.783002319189918e-05,0.06653426017874876,274
1,FLORAL-ACCESSORIES,516.45,63,47,1007,5923641.65,8.718454466265697e-05,0.04667328699106256,275
1,SHOE CARE,477.87,160,118,1007,5923641.65,8.067165913049449e-05,0.11717974180734857,276
1,COFFEE SHOP SWEET GOODS&RETAIL,401.08,55,29,1007,5923641.65,6.77083496433313e-05,0.028798411122144985,277
1,NON EDIBLE PRODUCTS,401.05,65,22,1007,5923641.65,6.770328519112901e-05,0.021847070506454815,278
1,VEAL,397.81,74,45,1007,5923641.65,6.715632435328022e-05,0.044687189672293945,279
1,SEWING,295.56,122,102,1007,5923641.65,4.989498309709535e-05,0.1012909632571996,280
1,SERVICE BEVERAGE,285.65,222,68,1007,5923641.65,4.8222025719601043e-05,0.06752730883813307,281
1,COUPON,279.49,48,44,1007,5923641.65,4.71821248673947e-05,0.04369414101290963,282
1,DOLLAR VALUE PRODUCTS,276.82,132,107,1007,5923641.65,4.673138862138968e-05,0.10625620655412116,283
1,NATURAL VITAMINS,244.21,22,18,1007,5923641.65,4.1226329077485633e-05,0.01787487586891758,284
1,FRZN SEAFOOD,237.22000000000003,46,33,1007,5923641.65,4.0046311714348895e-05,0.03277060575968222,285
1,MEAT SUPPLIES,215.62,31,24,1007,5923641.65,3.639990612869028e-05,0.023833167825223437,286
1,WATCHES/CALCULATORS/LOBBY,208.05,33,28,1007,5923641.65,3.512197602297566e-05,0.027805362462760674,287
1,(CORP USE ONLY),197.18,43,37,1007,5923641.65,3.328695617500765e-05,0.036742800397219465,288
1,GIFT & FRUIT BASKETS,194.37,12,11,1007,5923641.65,3.2812585818725205e-05,0.010923535253227408,289
1,CIGARS,185.76,66,45,1007,5923641.65,3.135908803666406e-05,0.044687189672293945,290
1,NATURAL HBC,115.16,25,20,1007,5923641.65,1.9440743853909526e-05,0.019860973187686197,291
1,HOME HEALTH CARE,99.49,7,6,1007,5923641.65,1.679541165357293e-05,0.005958291956305859,292
1,PHARMACY,98.52,8,8,1007,5923641.65,1.6631661032365114e-05,0.007944389275074478,293
1,RESTRICTED DIET,91.78999999999999,26,18,1007,5923641.65,1.5495535588315e-05,0.01787487586891758,294
1,PROD SUPPLIES,87.57000000000001,20,14,1007,5923641.65,1.4783135978524292e-05,0.013902681231380337,295
1,MISCELLANEOUS HBC,63.480000000000004,21,16,1007,5923641.65,1.0716380860074478e-05,0.015888778550148957,296
1,BOUQUET (NON ROSE),56.93,7,7,1007,5923641.65,9.610642129238185e-06,0.006951340615690168,297
1,RW FRESH PROCESSED MEAT,38.45,18,11,1007,5923641.65,6.4909395726191505e-06,0.010923535253227408,298
1,BULK FOODS,36.43,7,6,1007,5923641.65,6.149933124330706e-06,0.005958291956305859,299
1,PKG.SEAFOOD MISC,24.43,5,1,1007,5923641.65,4.124152243409255e-06,0.0009930486593843098,300
1,BOTTLE DEPOSITS,12.8,12,7,1007,5923641.65,2.1608329396495484e-06,0.006951340615690168,301
1,NDAIRY/TEAS/JUICE/SOD,11.780000000000001,2,2,1007,5923641.65,1.9886415647712247e-06,0.0019860973187686196,302
1,TOYS,8.85,4,3,1007,5923641.65,1.4940133996795703e-06,0.0029791459781529296,303
1,MISCELLANEOUS CROUTONS,6.39,1,1,1007,5923641.65,1.0787283190906728e-06,0.0009930486593843098,304
2,BEEF,76776.1,8472,831,902,1731383.64,0.04434378275631622,0.9212860310421286,1
2,COUPON/MISC ITEMS,75358.19,3626,682,902,1731383.64,0.04352483658676595,0.7560975609756098,2
2,SOFT DRINKS,69981.32,13212,884,902,1731383.64,0.04041930302633564,0.9800443458980045,3
2,CHEESE,46384.95,10891,877,902,1731383.64,0.026790682855245183,0.9722838137472284,4
2,FLUID MILK PRODUCTS,43742.49,15071,889,902,1731383.64,0.025264469981938837,0.9855875831485588,5
2,FRZN MEAT/MEAT DINNERS,41580.54,5304,769,902,1731383.64,0.024015786587887594,0.852549889135255,6
2,FROZEN PIZZA,37126.18,5346,756,902,1731383.64,0.02144306965959318,0.8381374722838137,7
2,BAKED BREAD/BUNS/ROLLS,34084.35,13765,887,902,1731383.64,0.019686191559485915,0.983370288248337,8
2,BAG SNACKS,34036.07,8876,871,902,1731383.64,0.019658306347402014,0.9656319290465631,9
2,BEERS/ALES,27955.54,2575,540,902,1731383.64,0.016146357949876438,0.5986696230598669,10
2,COLD CEREAL,26703.49,5910,820,902,1731383.64,0.015423207995658317,0.9090909090909091,11
2,LUNCHMEAT,24204.96,5701,793,902,1731383.64,0.013980125167406572,0.8791574279379157,12
2,PORK,23538.13,3067,623,902,1731383.64,0.013594982334475566,0.6906873614190687,13
2,DELI MEATS,23394.21,3798,637,902,1731383.64,0.013511858065148404,0.7062084257206208,14
2,CHICKEN,22326.87,3501,704,902,1731383.64,0.012895391572488233,0.7804878048780488,15
2,SOUP,21705.93,5448,830,902,1731383.64,0.012536753552782791,0.9201773835920177,16
2,ICE CREAM/MILK/SHERBTS,18793.38,4533,779,902,1731383.64,0.010854544057029441,0.8636363636363636,17
2,MEAT - MISC,17955.0,2226,577,902,1731383.64,0.010370318619852503,0.6396895787139689,18
2,REFRGRATD JUICES/DRNKS,17484.6,6221,773,902,1731383.64,0.010098628401039991,0.8569844789356984,19
2,CANNED JUICES,16986.9,4429,759,902,1731383.64,0.009811170446314257,0.8414634146341463,20
2,CRACKERS/MISC BKD FD,16482.31,5582,833,902,1731383.64,0.00951973301538185,0.9235033259423503,21
2,CANDY - PACKAGED,16172.37,4061,790,902,1731383.64,0.009340720119083488,0.8758314855875832,22
2,YOGURT,14861.29,4130,644,902,1731383.64,0.008583476045782667,0.7139689578713969,23
2,SEAFOOD - FROZEN,14560.14,1833,554,902,1731383.64,0.008409540013904718,0.614190687361419,24
2,VEGETABLES - SHELF STABLE,14193.88,5123,809,902,1731383.64,0.008197998220660096,0.8968957871396895,25
2,MEAT - SHELF STABLE,14063.75,3337,685,902,1731383.64,0.008122838679473719,0.7594235033259423,26
2,DINNER MXS:DRY,13830.91,3484,686,902,1731383.64,0.00798835664174348,0.7605321507760532,27
2,BAKED SWEET GOODS,13806.2,4279,687,902,1731383.64,0.007974084819237406,0.761640798226164,28
2,COFFEE,13689.38,2366,536,902,1731383.64,0.007906612771274656,0.5942350332594235,29
2,FROZEN MEAT,13605.710000000001,2069,555,902,1731383.64,0.007858287259777967,0.61529933481153,30
2,CONVENIENT BRKFST/WHLSM SNACKS,13127.14,3149,626,902,1731383.64,0.00758187827164637,0.6940133037694013,31
2,CIGARETTES,13098.1,1449,291,902,1731383.64,0.007565105559158455,0.32261640798226165,32
2,BATH TISSUES,12978.460000000001,2795,673,902,1731383.64,0.007496004756057416,0.746119733924612,33
2,COOKIES/CONES,12788.76,3856,747,902,1731383.64,0.007386439206506537,0.8281596452328159,34
2,INFANT FORMULA,12214.85,557,137,902,1731383.64,0.007054964432954906,0.15188470066518847,35
2,SALD DRSNG/SNDWCH SPRD,12205.91,4150,800,902,1731383.64,0.007049800932622882,0.8869179600886918,36
2,WATER - CARBONATED/FLVRD DRINK,12110.43,3188,658,902,1731383.64,0.0069946542870186765,0.729490022172949,37
2,BREAKFAST SAUSAGE/SANDWICHES,11524.74,2627,617,902,1731383.64,0.00665637570654185,0.6840354767184036,38
2,CHEESES,11352.25,2523,535,902,1731383.64,0.006556750183916489,0.5931263858093127,39
2,LAUNDRY DETERGENTS,11054.45,1645,576,902,1731383.64,0.006384749020731189,0.6385809312638581,40
2,DINNER SAUSAGE,11045.42,2498,632,902,1731383.64,0.006379533538852199,0.7006651884700665,41
2,CONDIMENTS/SAUCES,10895.24,4234,810,902,1731383.64,0.006292793664147133,0.8980044345898004,42
2,SALAD MIX,10887.4,3714,696,902,1731383.64,0.006288265493833591,0.7716186252771619,43
2,HISPANIC,10865.81,3178,702,902,1731383.64,0.006275795698289029,0.7782705099778271,44
2,BACON,10737.26,2522,627,902,1731383.64,0.006201548722038289,0.6951219512195121,45
2,REFRGRATD DOUGH PRODUCTS,10428.08,3201,681,902,1731383.64,0.0060229747810254235,0.7549889135254989,46
2,FRUIT - SHELF STABLE,10423.56,3170,698,902,1731383.64,0.006020364152222207,0.7738359201773836,47
2,FRZN VEGETABLE/VEG DSH,10418.63,2847,654,902,1731383.64,0.006017516718593922,0.7250554323725056,48
2,MILK BY-PRODUCTS,10209.72,4627,757,902,1731383.64,0.0058968559966293774,0.8392461197339246,49
2,DOG FOODS,9913.68,1266,302,902,1731383.64,0.005725871361473648,0.3348115299334812,50
2,POTATOES,9702.19,3355,726,902,1731383.64,0.005603720501829393,0.8048780487804879,51
2,EGGS,9643.57,6733,842,902,1731383.64,0.005569863187571762,0.9334811529933481,52
2,DRY BN/VEG/POTATO/RICE,9631.59,3190,735,902,1731383.64,0.005562943866097753,0.8148558758314856,53
2,DIAPERS & DISPOSABLES,9595.27,731,176,902,1731383.64,0.005541966424032978,0.1951219512195122,54
2,CAKES,9408.25,990,453,902,1731383.64,0.005433948769436219,0.5022172949002217,55
2,FRZN NOVELTIES/WTR ICE,9147.31,2313,601,902,1731383.64,0.005283236937597493,0.6662971175166297,56
2,TROPICAL FRUIT,9012.5,7381,800,902,1731383.64,0.005205374355968849,0.8869179600886918,57
2,TOMATOES,8995.34,3227,672,902,1731383.64,0.005195463207680535,0.7450110864745011,58
2,FD WRAPS/BAGS/TRSH BG,8984.01,2300,687,902,1731383.64,0.0051889193084901745,0.761640798226164,59
2,HOT DOGS,8861.82,2751,647,902,1731383.64,0.0051183456948917455,0.7172949002217295,60
2,APPLES,8783.35,2992,664,902,1731383.64,0.005073023561664242,0.7361419068736141,61
2,GRAPES,8531.51,2547,637,902,1731383.64,0.004927567641796592,0.7062084257206208,62
2,PASTA SAUCE,8509.28,2878,684,902,1731383.64,0.004914728199695823,0.7583148558758315,63
2,HOUSEHOLD CLEANG NEEDS,8249.41,1487,521,902,1731383.64,0.004764634370693257,0.5776053215077606,64
2,DOMESTIC WINE,8232.34,567,202,902,1731383.64,0.00475477520395191,0.22394678492239467,65
2,HAIR CARE PRODUCTS,8145.07,1483,482,902,1731383.64,0.004704370430576553,0.5343680709534369,66
2,PNT BTR/JELLY/JAMS,8097.48,2528,708,902,1731383.64,0.004676883743686061,0.7849223946784922,67
2,BERRIES,7551.58,2078,540,902,1731383.64,0.004361586782695949,0.5986696230598669,68
2,HEAT/SERVE,7343.43,1280,418,902,1731383.64,0.004241365016016901,0.4634146341463415,69
2,ORAL HYGIENE PRODUCTS,7307.55,1607,538,902,1731383.64,0.004220641705959518,0.5964523281596452,70
2,BAKING MIXES,7298.61,2616,673,902,1731383.64,0.004215478205627495,0.746119733924612,71
2,CAT FOOD,7268.12,1347,223,902,1731383.64,0.0041978680126606716,0.24722838137472283,72
2,SMOKED MEATS,7223.01,1020,400,902,1731383.64,0.004171813706175484,0.4434589800443459,73
2,BAKING NEEDS,6998.52,2207,641,902,1731383.64,0.004042154400858264,0.7106430155210643,74
2,VEGETABLES - ALL OTHERS,6980.02,3498,673,902,1731383.64,0.004031469305092891,0.746119733924612,75
2,CHICKEN/POULTRY,6895.64,1075,371,902,1731383.64,0.0039827337169479095,0.4113082039911308,76
2,SALAD BAR,6819.03,1607,352,902,1731383.64,0.003938485869024383,0.3902439024390244,77
2,SHORTENING/OIL,6811.46,1987,654,902,1731383.64,0.003934113643351742,0.7250554323725056,78
2,SPICES & EXTRACTS,6685.05,2233,687,902,1731383.64,0.0038611026727733205,0.761640798226164,79
2,SALADS/DIPS,6561.4800000000005,1564,473,902,1731383.64,0.00378973200878807,0.524390243902439,80
2,SUGARS/SWEETNERS,6491.3,2369,680,902,1731383.64,0.0037491979536089415,0.753880266075388,81
2,MAGAZINE,6426.51,1428,392,902,1731383.64,0.0037117770155203735,0.43458980044345896,82
2,GREETING CARDS/WRAP/PARTY SPLY,6372.64,1438,529,902,1731383.64,0.0036806631717970955,0.5864745011086474,83
2,FRZN BREAKFAST FOODS,6351.72,1795,492,902,1731383.64,0.003668580349991063,0.5454545454545454,84
2,SEAFOOD - SHELF STABLE,6320.12,1909,564,902,1731383.64,0.003650329051278318,0.6252771618625277,85
2,PAPER TOWELS,5979.27,2011,544,902,1731383.64,0.003453463381460622,0.6031042128603105,86
2,MARGARINES,5715.47,3298,740,902,1731383.64,0.0033010996915738447,0.8203991130820399,87
2,TURKEY,5711.11,687,327,902,1731383.64,0.003298581474409681,0.3625277161862528,88
2,BABY FOODS,5659.96,863,179,902,1731383.64,0.003269038628550285,0.1984478935698448,89
2,PAPER HOUSEWARES,5563.03,1663,561,902,1731383.64,0.0032130545024671715,0.6219512195121951,90
2,DRY NOODLES/PASTA,5531.0,3239,739,902,1731383.64,0.0031945548474744743,0.8192904656319291,91
2,ONIONS,5175.53,3374,704,902,1731383.64,0.0029892450641384135,0.7804878048780488,92
2,CITRUS,5159.21,2107,563,902,1731383.64,0.0029798190769551227,0.6241685144124168,93
2,FROZEN PIE/DESSERTS,5025.19,1511,509,902,1731383.64,0.0029024127777942965,0.5643015521064302,94
2,FRZN POTATOES,5008.81,1742,539,902,1731383.64,0.0028929521362463613,0.5975609756097561,95
2,MISC. DAIRY,4991.98,1616,532,902,1731383.64,0.0028832315869635914,0.5898004434589801,96
2,CANDY - CHECKLANE,4983.83,3737,751,902,1731383.64,0.002878524369099387,0.8325942350332595,97
2,SHAVING CARE PRODUCTS,4902.5,695,303,902,1731383.64,0.002831550377823831,0.33592017738359203,98
2,ISOTONIC DRINKS,4849.65,985,359,902,1731383.64,0.002801025658299509,0.39800443458980045,99
2,FROZEN BREAD/DOUGH,4835.9,1699,545,902,1731383.64,0.0027930840330684884,0.6042128603104213,100
2,ANALGESICS,4804.09,750,388,902,1731383.64,0.002774711444079488,0.43015521064301554,101
2,BEANS - CANNED GLASS & MW,4708.46,2316,642,902,1731383.64,0.002719478162563671,0.7117516629711752,102
2,SOAP - LIQUID & BAR,4585.34,1197,458,902,1731383.64,0.002648367406313254,0.5077605321507761,103
2,BREAKFAST SWEETS,4535.8,1690,491,902,1731383.64,0.0026197544525718174,0.5443458980044346,104
2,SEAFOOD-FRESH,4524.7,719,278,902,1731383.64,0.0026133433951125934,0.3082039911308204,105
2,VALUE ADDED FRUIT,4465.4,1367,440,902,1731383.64,0.0025790933313889924,0.4878048780487805,106
2,HOT CEREAL,4432.8,1380,510,902,1731383.64,0.0025602644599321735,0.565410199556541,107
2,PREPARED FOOD,4277.29,859,276,902,1731383.64,0.002470446122501192,0.30598669623059865,108
2,PWDR/CRYSTL DRNK MX,4235.32,1279,443,902,1731383.64,0.0024462053944323972,0.4911308203991131,109
2,COLD AND FLU,4225.37,801,389,902,1731383.64,0.002440458545628859,0.4312638580931264,110
2,MAKEUP AND TREATMENT,4107.05,693,316,902,1731383.64,0.0023721201385499984,0.35033259423503327,111
2,LAUNDRY ADDITIVES,4095.1,877,388,902,1731383.64,0.002365218144258311,0.43015521064301554,112
2,HAND/BODY/FACIAL PRODUCTS,4055.95,547,250,902,1731383.64,0.002342606171327806,0.2771618625277162,113
2,SPRING/SUMMER SEASONAL,4050.01,424,276,902,1731383.64,0.002339175389228005,0.30598669623059865,114
2,AIR CARE,3888.3,818,344,902,1731383.64,0.0022457761007837643,0.38137472283813745,115
2,PEPPERS-ALL,3884.65,1934,524,902,1731383.64,0.0022436679602678934,0.5809312638580931,116
2,VITAMINS,3875.75,363,191,902,1731383.64,0.0022385275628456327,0.21175166297117518,117
2,FACIAL TISS/DNR NAPKIN,3842.03,1386,461,902,1731383.64,0.0022190518099154503,0.5110864745011087,118
2,REFRIGERATED,3717.1,786,208,902,1731383.64,0.0021468956469982586,0.23059866962305986,119
2,STONE FRUIT,3714.2599999999998,1251,429,902,1731383.64,0.002145255340405088,0.47560975609756095,120
2,CAT LITTER,3638.31,553,155,902,1731383.64,0.0021013886904926514,0.17184035476718404,121
2,FLORAL-FRESH CUT,3629.31,389,213,902,1731383.64,0.0020961905357959835,0.2361419068736142,122
2,PROCESSED,3619.52,1063,425,902,1731383.64,0.002090536098631497,0.47117516629711753,123
2,DEODORANTS,3599.68,965,400,902,1731383.64,0.0020790770553890644,0.4434589800443459,124
2,PIES,3577.62,724,273,902,1731383.64,0.002066335800654787,0.3026607538802661,125
2,DISHWASH DETERGENTS,3575.87,1169,500,902,1731383.64,0.0020653250483526576,0.5543237250554324,126
2,CARROTS,3572.59,1931,561,902,1731383.64,0.002063430609752094,0.6219512195121951,127
2,PICKLE/RELISH/PKLD VEG,3540.63,1370,543,902,1731383.64,0.0020449713848514823,0.6019955654101996,128
2,SNACK NUTS,3482.94,928,348,902,1731383.64,0.002011651213245841,0.3858093126385809,129
2,COOKIES,3362.4,835,384,902,1731383.64,0.0019420305946751353,0.42572062084257206,130
2,FEMININE HYGIENE,3352.39,718,326,902,1731383.64,0.0019362490915069523,0.3614190687361419,131
2,BUTTER,3326.1,941,337,902,1731383.64,0.0019210647040652411,0.3736141906873614,132
2,WAREHOUSE SNACKS,3317.99,1318,497,902,1731383.64,0.0019163805891107993,0.5509977827050998,133
2,MELONS,3251.86,995,366,902,1731383.64,0.0018781857035451717,0.4057649667405765,134
2,BREAD,3250.66,1468,434,902,1731383.64,0.0018774926162522824,0.4811529933481153,135
2,MOLASSES/SYRUP/PANCAKE MIXS,3247.81,1065,447,902,1731383.64,0.001875846533931671,0.4955654101995565,136
2,ORGANICS FRUIT & VEGETABLES,3213.18,1102,407,902,1731383.64,0.001855845189804381,0.45121951219512196,137
2,LIQUOR,3204.6,320,181,902,1731383.64,0.0018508896156602243,0.2006651884700665,138
2,IMPORTED WINE,3196.93,266,109,902,1731383.64,0.001846459632713175,0.12084257206208426,139
2,BOOKSTORE,3068.4700000000003,299,175,902,1731383.64,0.0017722646380094018,0.19401330376940132,140
2,PREPAID WIRELESS&ACCESSORIES,3039.78,139,68,902,1731383.64,0.0017556940759819125,0.07538802660753881,141
2,DRY MIX DESSERTS,3027.41,1308,478,902,1731383.64,0.0017485495011377143,0.5299334811529933,142
2,DRY SAUCES/GRAVY,3003.97,1460,484,902,1731383.64,0.0017350111960166147,0.5365853658536586,143
2,STATIONERY & SCHOOL SUPPLIES,2966.91,726,375,902,1731383.64,0.0017136063501212244,0.4157427937915743,144
2,DIETARY AID PRODUCTS,2867.73,252,123,902,1731383.64,0.001656322685363944,0.13636363636363635,145
2,VEGETABLES SALAD,2850.55,2396,563,902,1731383.64,0.001646399985620749,0.6241685144124168,146
2,TEAS,2849.61,819,361,902,1731383.64,0.0016458570672413194,0.40022172949002216,147
2,AUDIO/VIDEO PRODUCTS,2799.0299999999997,189,127,902,1731383.64,0.0016166434378460455,0.14079822616407983,148
2,BABY HBC,2692.5099999999998,670,299,902,1731383.64,0.0015551203891472603,0.33148558758314856,149
2,PET CARE SUPPLIES,2646.93,506,207,902,1731383.64,0.0015287946234723577,0.229490022172949,150
2,MUSHROOMS,2531.75,945,288,902,1731383.64,0.0014622697948098898,0.31929046563192903,151
2,CHARCOAL AND LIGHTER FLUID,2512.84,414,218,902,1731383.64,0.0014513478942194465,0.24168514412416853,152
2,POPCORN,2441.2400000000002,777,362,902,1731383.64,0.0014099936857437329,0.401330376940133,153
2,FUEL,2412.43,131,67,902,1731383.64,0.0013933538149869546,0.07427937915742794,154
2,BATTERIES,2380.26,415,266,902,1731383.64,0.0013747732998100873,0.29490022172949004,155
2,DRIED FRUIT,2336.04,683,282,902,1731383.64,0.0013492330330671255,0.31263858093126384,156
2,SINUS AND ALLERGY,2238.71,268,163,902,1731383.64,0.0012930178778863823,0.18070953436807094,157
2,COCOA MIXES,2216.41,853,387,902,1731383.64,0.0012801380056935274,0.42904656319290463,158
2,TOYS AND GAMES,2195.12,385,220,902,1731383.64,0.0012678414819721872,0.24390243902439024,159
2,BROOMS AND MOPS,2178.94,617,320,902,1731383.64,0.0012584963549730666,0.35476718403547675,160
2,CHRISTMAS  SEASONAL,2139.58,331,226,902,1731383.64,0.0012357630917663055,0.25055432372505543,161
2,BROCCOLI/CAULIFLOWER,2112.15,917,320,902,1731383.64,0.0012199202713963498,0.35476718403547675,162
2,ANTACIDS,2083.86,345,188,902,1731383.64,0.0012035807384664905,0.20842572062084258,163
2,ROLLS,2081.71,998,382,902,1731383.64,0.0012023389570667308,0.42350332594235035,164
2,FIRST AID PRODUCTS,2066.74,448,293,902,1731383.64,0.0011936926930879398,0.32483370288248337,165
2,NUTS,2051.4900000000002,381,176,902,1731383.64,0.0011848847087408082,0.1951219512195122,166
2,ADULT INCONTINENCE,1999.56,177,39,902,1731383.64,0.001154891356141034,0.043237250554323724,167
2,BLEACH,1991.15,740,367,902,1731383.64,0.0011500339693633701,0.40687361419068735,168
2,PLASTIC HOUSEWARES,1979.5,496,294,902,1731383.64,0.0011433052468949054,0.3259423503325942,169
2,MISC WINE,1886.38,265,157,902,1731383.64,0.0010895216729667147,0.17405764966740578,170
2,PARTY TRAYS,1864.69,103,78,902,1731383.64,0.001076994120147745,0.08647450110864745,171
2,FITNESS&DIET,1852.73,299,95,902,1731383.64,0.0010700863501286175,0.10532150776053215,172
2,ELECTRICAL SUPPPLIES,1824.38,495,303,902,1731383.64,0.0010537121628341134,0.33592017738359203,173
2,KITCHEN GADGETS,1750.71,446,311,902,1731383.64,0.0010111623787781663,0.34478935698447893,174
2,NO COMMODITY DESCRIPTION,1741.22,382,254,902,1731383.64,0.0010056812134369019,0.28159645232815966,175
2,INFANT CARE PRODUCTS,1708.57,280,123,902,1731383.64,0.0009868234633428788,0.13636363636363635,176
2,VALUE ADDED VEGETABLES,1542.08,395,202,902,1731383.64,0.0008906633771819629,0.22394678492239467,177
2,FRZN JCE CONC/DRNKS,1511.39,435,166,902,1731383.64,0.0008729376696663255,0.18403547671840353,178
2,ROSES,1487.6499999999999,95,69,902,1731383.64,0.0008592260927220035,0.07649667405764966,179
2,FILM AND CAMERA PRODUCTS,1438.52,193,140,902,1731383.64,0.0008308499438056375,0.15521064301552107,180
2,SWEET GOODS & SNACKS,1435.23,428,164,902,1731383.64,0.0008289497294776333,0.18181818181818182,181
2,CORN,1394.04,616,291,902,1731383.64,0.0008051595081492165,0.32261640798226165,182
2,FROZEN - BOXED(GROCERY),1385.73,228,136,902,1731383.64,0.0008003598786459598,0.15077605321507762,183
2,EYE AND EAR CARE PRODUCTS,1381.67,216,138,902,1731383.64,0.0007980149333050185,0.15299334811529933,184
2,COOKWARE & BAKEWARE,1364.94,235,179,902,1731383.64,0.0007883521412966569,0.1984478935698448,185
2,MISCELLANEOUS,1333.3,465,263,902,1731383.64,0.0007700777396741487,0.2915742793791574,186
2,FROZEN,1325.1100000000001,213,89,902,1731383.64,0.000765347418900181,0.09866962305986696,187
2,FLOUR & MEALS,1280.59,708,367,902,1731383.64,0.000739633880333997,0.40687361419068735,188
2,CEREAL/BREAKFAST,1276.13,273,87,902,1731383.64,0.000737057905895426,0.09645232815964523,189
2,TICKETS,1272.24,129,71,902,1731383.64,0.0007348111479209773,0.0787139689578714,190
2,OLIVES,1256.5,571,256,902,1731383.64,0.0007257201529292491,0.2838137472283814,191
2,LAXATIVES,1244.09,181,109,902,1731383.64,0.0007185524751752881,0.12084257206208426,192
2,FRZN ICE,1241.14,446,227,902,1731383.64,0.0007168486355802693,0.2516629711751663,193
2,FRZN FRUITS,1186.09,228,114,902,1731383.64,0.0006850532560189837,0.12638580931263857,194
2,CHIPS&SNACKS,1185.17,325,128,902,1731383.64,0.0006845218890944356,0.1419068736141907,195
2,IN-STORE PHOTOFINISHING,1121.49,100,66,902,1731383.64,0.0006477420567517897,0.07317073170731707,196
2,CANDLES/ACCESSORIES,1095.69,232,155,902,1731383.64,0.0006328406799546749,0.17184035476718404,197
2,FROZEN CHICKEN,1042.78,112,81,902,1731383.64,0.0006022813060657082,0.08980044345898004,198
2,CANNED MILK,1010.46,437,228,902,1731383.64,0.0005836141549772297,0.25277161862527714,199
2,GARDEN CENTER,1002.34,72,61,902,1731383.64,0.0005789242642953471,0.06762749445676275,200
2,SUSHI,986.9300000000001,131,30,902,1731383.64,0.0005700238683091635,0.03325942350332594,201
2,FAMILY PLANNING,961.98,107,75,902,1731383.64,0.0005556134283445118,0.08314855875831485,202
2,LAWN AND GARDEN SHOP,961.96,73,47,902,1731383.64,0.0005556018768896303,0.052106430155210645,203
2,HARDWARE SUPPLIES,934.43,218,157,902,1731383.64,0.0005397012992452672,0.17405764966740578,204
2,DOMESTIC GOODS,931.23,127,102,902,1731383.64,0.0005378530664642298,0.1130820399113082,205
2,HERBS,922.67,641,252,902,1731383.64,0.0005329090437749545,0.2793791574279379,206
2,COFFEE FILTERS,914.43,328,207,902,1731383.64,0.000528149844363783,0.229490022172949,207
2,WATER,913.06,231,116,902,1731383.64,0.0005273585697044013,0.1286031042128603,208
2,PEARS,908.03,380,165,902,1731383.64,0.000524453378801708,0.18292682926829268,209
2,RICE CAKES,890.51,328,131,902,1731383.64,0.0005143343043255277,0.14523281596452328,210
2,FOOT CARE PRODUCTS,822.03,104,76,902,1731383.64,0.00047478212281132565,0.08425720620842572,211
2,UNKNOWN,810.76,255,160,902,1731383.64,0.0004682728779856093,0.17738359201773837,212
2,SNACKS,802.49,236,128,902,1731383.64,0.00046349635139211553,0.1419068736141907,213
2,DISPOSIBLE FOILWARE,773.4200000000001,220,153,902,1731383.64,0.0004467063117218782,0.1696230598669623,214
2,HAIR CARE ACCESSORIES,730.0300000000001,200,147,902,1731383.64,0.00042164543035649806,0.1629711751662971,215
2,SYRUPS/TOPPINGS,699.17,274,168,902,1731383.64,0.00040382153547436776,0.18625277161862527,216
2,NEWSPAPER,697.79,598,200,902,1731383.64,0.00040302448508754536,0.22172949002217296,217
2,INSECTICIDES,688.46,125,99,902,1731383.64,0.000397635731385333,0.10975609756097561,218
2,HALLOWEEN,667.71,112,88,902,1731383.64,0.00038565109694579307,0.0975609756097561,219
2,SPORTS MEMORABLILIA,662.47,54,46,902,1731383.64,0.00038262461576684417,0.050997782705099776,220
2,SANDWICHES,657.8000000000001,137,65,902,1731383.64,0.00037992735105201765,0.07206208425720621,221
2,SUNTAN,645.55,74,64,902,1731383.64,0.00037285208493710847,0.07095343680709534,222
2,BATH,635.84,167,121,902,1731383.64,0.00036724385359214787,0.13414634146341464,223
2,SNKS/CKYS/CRKR/CNDY,631.47,173,85,902,1731383.64,0.00036471986070054355,0.0942350332594235,224
2,AUTOMOTIVE PRODUCTS,630.13,160,126,902,1731383.64,0.0003639459132234841,0.13968957871396895,225
2,FLORAL-FLOWERING PLANTS,623.66,76,66,902,1731383.64,0.00036020901756932393,0.07317073170731707,226
2,J-HOOKS,620.72,178,137,902,1731383.64,0.00035851095370174576,0.15188470066518847,227
2,TOBACCO OTHER,609.83,172,102,902,1731383.64,0.0003522211865187776,0.1130820399113082,228
2,HOSIERY/SOCKS,571.67,116,74,902,1731383.64,0.00033018101060490555,0.082039911308204,229
2,SEAFOOD - MISC,557.0,263,172,902,1731383.64,0.00032170801844933687,0.19068736141906872,230
2,APPAREL,547.21,67,53,902,1731383.64,0.00031605358128485034,0.058758314855875834,231
2,LAMB,542.79,81,19,902,1731383.64,0.00031350070975604227,0.02106430155210643,232
2,IRONING AND CHEMICALS,533.97,78,66,902,1731383.64,0.00030840651815330775,0.07317073170731707,233
2,SMOKING CESSATIONS,509.13,13,5,902,1731383.64,0.0002940596111905043,0.005543237250554324,234
2,JUICE,484.28,136,88,902,1731383.64,0.0002797069285002601,0.0975609756097561,235
2,SQUASH,471.12,289,135,902,1731383.64,0.00027210607118824344,0.14966740576496673,236
2,FRAGRANCES,436.68,14,13,902,1731383.64,0.0002522144658823275,0.014412416851441241,237
2,FLORAL-FOLIAGE PLANTS,422.08,39,36,902,1731383.64,0.000243781903818844,0.03991130820399113,238
2,FLORAL BALLOONS,384.72,72,59,902,1731383.64,0.0002222037861002314,0.06541019955654102,239
2,NON-DAIRY BEVERAGES,366.83,121,28,902,1731383.64,0.0002118710097087437,0.031042128603104215,240
2,VALENTINE,356.87,81,73,902,1731383.64,0.00020611838517776456,0.08093126385809313,241
2,PREPARED/PKGD FOODS,347.07,90,47,902,1731383.64,0.00020045817228583725,0.052106430155210645,242
2,DELI SPECIALTIES (RETAIL PK),347.06,96,70,902,1731383.64,0.0002004523965583965,0.07760532150776053,243
2,DELI SUPPLIES,338.54,107,89,902,1731383.64,0.00019553147677888423,0.09866962305986696,244
2,EASTER,331.92,101,89,902,1731383.64,0.00019170794521311294,0.09866962305986696,245
2,FLORAL- HARD GOODS,327.4,45,39,902,1731383.64,0.00018909731640989746,0.043237250554323724,246
2,PERSONAL CARE APPLIANCES,324.7,20,19,902,1731383.64,0.00018753787000089708,0.02106430155210643,247
2,FALL AND WINTER SEASONAL,315.69,43,42,902,1731383.64,0.00018233393957678843,0.04656319290465632,248
2,EXOTIC GAME/FOWL,313.25,48,33,902,1731383.64,0.00018092466208124736,0.036585365853658534,249
2,CONDIMENTS,302.39,71,44,902,1731383.64,0.00017465222208060138,0.04878048780487805,250
2,NEW AGE,299.52,76,52,902,1731383.64,0.0001729945883051084,0.057649667405764965,251
2,HOME FREEZING & CANNING SUPPLY,288.79,40,30,902,1731383.64,0.0001667972327611921,0.03325942350332594,252
2,GLASSES/VISION AIDS,270.35,23,16,902,1731383.64,0.00015614679136046361,0.017738359201773836,253
2,BAKERY PARTY TRAYS,259.7,34,28,902,1731383.64,0.00014999564163607323,0.031042128603104215,254
2,CIGARS,251.37000000000003,47,13,902,1731383.64,0.00014518446067793503,0.014412416851441241,255
2,SEASONAL,243.73000000000002,42,40,902,1731383.64,0.00014077180491320804,0.04434589800443459,256
2,COSMETIC ACCESSORIES,239.27,33,28,902,1731383.64,0.00013819583047463706,0.031042128603104215,257
2,PORTABLE ELECTRIC APPLIANCES,225.85999999999999,20,20,902,1731383.64,0.00013045057997660185,0.022172949002217297,258
2,COUPONS/STORE & MFG,220.39000000000001,149,106,902,1731383.64,0.0001272912570665159,0.11751662971175167,259
2,FIREWORKS,215.04,29,28,902,1731383.64,0.00012420124288571886,0.031042128603104215,260
2,ETHNIC PERSONAL CARE,208.67000000000002,51,40,902,1731383.64,0.00012052210450596612,0.04434589800443459,261
2,OVERNIGHT PHOTOFINISHING,205.04,21,14,902,1731383.64,0.00011842551544497672,0.015521064301552107,262
2,BAKING,199.47,49,28,902,1731383.64,0.00011520843526048335,0.031042128603104215,263
2,GLASSWARE & DINNERWARE,195.11,32,30,902,1731383.64,0.00011269021809631979,0.03325942350332594,264
2,PROPANE,192.42,8,8,902,1731383.64,0.00011113654741476014,0.008869179600886918,265
2,BIRD SEED,192.17000000000002,46,25,902,1731383.64,0.0001109921542287416,0.02771618625277162,266
2,CONTINUITIES,185.02,31,22,902,1731383.64,0.00010686250910861098,0.024390243902439025,267
2,HOME FURNISHINGS,175.41,18,15,902,1731383.64,0.00010131203503805778,0.01662971175166297,268
2,BEVERAGE,173.06,47,25,902,1731383.64,9.995473908948338e-05,0.02771618625277162,269
2,COFFEE SHOP,147.65,39,14,902,1731383.64,8.527861566255762e-05,0.015521064301552107,270
2,COUPON,141.26,15,15,902,1731383.64,8.158792582792338e-05,0.01662971175166297,271
2,PACKAGED NATURAL SNACKS,129.1,47,42,902,1731383.64,7.456464125998095e-05,0.04656319290465632,272
2,VEAL,125.31,26,17,902,1731383.64,7.237564055993968e-05,0.018847006651884702,273
2,SHOE CARE,112.94,43,42,902,1731383.64,6.523106571574166e-05,0.04656319290465632,274
2,BOTTLE DEPOSITS,103.5,68,10,902,1731383.64,5.9778779011681086e-05,0.011086474501108648,275
2,NATURAL HBC,99.33,11,9,902,1731383.64,5.737030066889162e-05,0.009977827050997782,276
2,DRY TEA/COFFEE/COCO MIX,87.82000000000001,19,18,902,1731383.64,5.072243838459743e-05,0.019955654101995565,277
2,NON EDIBLE PRODUCTS,87.61000000000001,10,4,902,1731383.64,5.060114810834185e-05,0.004434589800443459,278
2,SERVICE BEVERAGE,83.09,58,25,902,1731383.64,4.799051930512639e-05,0.02771618625277162,279
2,QUICK SERVICE,77.07,26,9,902,1731383.64,4.4513531385799626e-05,0.009977827050997782,280
2,(CORP USE ONLY),76.34,14,13,902,1731383.64,4.409190328262546e-05,0.014412416851441241,281
2,FLORAL-ACCESSORIES,76.21000000000001,13,13,902,1731383.64,4.401681882589581e-05,0.014412416851441241,282
2,FRZN SEAFOOD,65.09,15,13,902,1731383.64,3.759420991179055e-05,0.014412416851441241,283
2,COFFEE SHOP SWEET GOODS&RETAIL,63.65,9,8,902,1731383.64,3.6762505160323685e-05,0.008869179600886918,284
2,DOLLAR VALUE PRODUCTS,59.96,29,27,902,1731383.64,3.463126173468984e-05,0.02993348115299335,285
2,SEWING,56.35,22,22,902,1731383.64,3.254622412858193e-05,0.024390243902439025,286
2,LONG DISTANCE CALLING CARDS,51.64,3,3,902,1731383.64,2.982585650399238e-05,0.0033259423503325942,287
2,MEAT SUPPLIES,50.4,9,8,902,1731383.64,2.9109666301340357e-05,0.008869179600886918,288
2,PHARMACY,49.040000000000006,5,5,902,1731383.64,2.832416736939943e-05,0.005543237250554324,289
2,GIFT & FRUIT BASKETS,47.77,5,5,902,1731383.64,2.7590649984425178e-05,0.005543237250554324,290
2,WATCHES/CALCULATORS/LOBBY,45.46,6,5,902,1731383.64,2.6256456945613743e-05,0.005543237250554324,291
2,NATURAL VITAMINS,38.95,5,5,902,1731383.64,2.2496458381690616e-05,0.005543237250554324,292
2,BABYFOOD,32.28,10,5,902,1731383.64,1.864404817871561e-05,0.005543237250554324,293
2,EASTER LILY,31.98,1,1,902,1731383.64,1.8470776355493345e-05,0.0011086474501108647,294
2,HOME HEALTH CARE,26.58,2,2,902,1731383.64,1.535188353749259e-05,0.0022172949002217295,295
2,RESTRICTED DIET,25.39,7,3,902,1731383.64,1.466457197204428e-05,0.0033259423503325942,296
2,BOUQUET (NON ROSE),23.97,3,3,902,1731383.64,1.3844418675458895e-05,0.0033259423503325942,297
2,RW FRESH PROCESSED MEAT,20.32,8,5,902,1731383.64,1.1736278159588017e-05,0.005543237250554324,298
2,PROD SUPPLIES,20.31,9,4,902,1731383.64,1.1730502432147275e-05,0.004434589800443459,299
2,MISCELLANEOUS HBC,14.950000000000001,5,4,902,1731383.64,8.634712523909492e-06,0.004434589800443459,300
2,FROZEN PACKAGE MEAT,12.99,1,1,902,1731383.64,7.502669945524032e-06,0.0011086474501108647,301
2,BULK FOODS,4.59,1,1,902,1731383.64,2.6510588953006395e-06,0.0011086474501108647,302
2,MISCELLANEOUS(CORP USE ONLY),2.29,1,1,902,1731383.64,1.3226415839299488e-06,0.0011086474501108647,303
2,TOYS,0.99,1,1,902,1731383.64,5.717970166334713e-07,0.0011086474501108647,304
