customer_id,cluster_id
1,2
2,2
3,2
4,2
5,0
6,1
7,2
8,1
9,2
10,0
11,0
12,2
13,1
14,1
15,0
16,0
17,2
18,1
19,1
20,1
21,2
22,1
23,1
24,2
25,2
26,2
27,1
28,1
29,0
30,2
31,1
32,1
33,0
34,0
35,0
36,1
37,2
38,0
39,2
40,1
41,2
42,2
43,0
44,2
45,0
46,1
47,1
48,2
49,1
50,0
51,2
52,1
53,2
54,0
55,0
56,1
57,1
58,1
59,2
60,0
61,0
62,0
63,0
64,1
65,0
66,0
67,1
68,1
69,1
70,0
71,1
72,1
73,1
74,2
75,0
76,0
77,1
78,1
79,1
80,2
81,1
82,0
83,0
84,0
85,1
86,2
87,0
88,1
89,0
90,2
91,1
92,2
93,2
94,0
95,1
96,0
97,1
98,1
99,1
100,2
101,1
102,0
103,0
104,1
105,1
106,2
107,2
108,2
109,1
110,1
111,2
112,0
113,1
114,2
115,1
116,0
117,1
118,2
119,2
120,0
121,2
122,2
123,1
124,0
125,1
126,2
127,1
128,2
129,0
130,0
131,1
132,2
133,2
134,1
135,0
136,2
137,2
138,2
139,1
140,0
141,0
142,1
143,1
144,2
145,2
146,2
147,2
148,0
149,1
150,0
151,2
152,2
153,2
154,2
155,2
156,1
157,1
158,1
159,2
160,2
161,1
162,2
163,0
164,1
165,1
166,1
167,2
168,0
169,0
170,2
171,2
172,0
173,0
174,2
175,2
176,2
177,2
178,1
179,0
180,2
181,2
182,2
183,0
184,1
185,2
186,0
187,0
188,2
189,0
190,2
191,0
192,2
193,1
194,1
195,1
196,1
197,2
198,1
199,0
200,0
201,2
202,2
203,2
204,0
205,1
206,2
207,2
208,1
209,1
210,1
211,1
212,1
213,2
214,2
215,1
216,1
217,2
218,1
219,1
220,2
221,2
222,1
223,2
224,2
225,0
226,2
227,0
228,2
229,2
230,1
231,2
232,1
233,2
234,0
235,1
236,2
237,2
238,0
239,1
240,0
241,0
242,1
243,1
244,2
245,2
246,2
247,2
248,2
249,1
250,1
251,2
252,0
253,1
254,0
255,2
256,1
257,2
258,1
259,0
260,0
261,2
262,1
263,1
264,2
265,1
266,2
267,0
268,2
269,0
270,0
271,0
272,2
273,1
274,0
275,1
276,1
277,0
278,2
279,2
280,1
281,2
282,1
283,2
284,0
285,1
286,2
287,1
288,1
289,1
290,1
291,2
292,0
293,2
294,1
295,2
296,0
297,1
298,0
299,0
300,2
301,1
302,2
303,1
304,1
305,1
306,1
307,0
308,1
309,2
310,0
311,2
312,2
313,0
314,2
315,0
316,2
317,2
318,0
319,2
320,0
321,1
322,2
323,0
324,1
325,2
326,2
327,0
328,1
329,1
330,0
331,0
332,1
333,2
334,1
335,1
336,1
337,0
338,1
339,2
340,2
341,0
342,2
343,2
344,2
345,1
346,1
347,0
348,1
349,2
350,1
351,1
352,2
353,1
354,1
355,2
356,1
357,2
358,1
359,2
360,0
361,1
362,2
363,0
364,2
365,1
366,0
367,1
368,0
369,0
370,1
371,1
372,2
373,0
374,1
375,0
376,1
377,1
378,1
379,0
380,1
381,1
382,0
383,1
384,1
385,2
386,1
387,1
388,2
389,1
390,1
391,0
392,1
393,1
394,1
395,0
396,0
397,1
398,0
399,2
400,1
401,1
402,2
403,0
404,1
405,2
406,1
407,0
408,2
409,1
410,0
411,1
412,1
413,1
414,1
415,2
416,2
417,1
418,1
419,2
420,1
421,1
422,2
423,0
424,2
425,1
426,1
427,0
428,2
429,0
430,1
431,0
432,1
433,0
434,1
435,2
436,2
437,1
438,2
439,0
440,0
441,2
442,1
443,1
444,2
445,1
446,0
447,1
448,0
449,2
450,2
451,1
452,2
453,0
454,1
455,2
456,1
457,0
458,1
459,2
460,0
461,2
462,2
463,1
464,1
465,0
466,0
467,1
468,1
469,1
470,0
471,2
472,1
473,2
474,2
475,2
476,2
477,0
478,0
479,0
480,2
481,2
482,2
483,1
484,1
485,1
486,2
487,0
488,0
489,1
490,2
491,1
492,2
493,1
494,0
495,2
496,2
497,0
498,0
499,0
500,0
501,2
502,2
503,1
504,2
505,0
506,2
507,2
508,0
509,0
510,1
511,1
512,2
513,1
514,2
515,2
516,0
517,1
518,1
519,2
520,1
521,0
522,0
523,1
524,2
525,0
526,1
527,1
528,0
529,2
530,2
531,2
532,0
533,2
534,0
535,2
536,2
537,2
538,2
539,2
540,1
541,2
542,2
543,2
544,0
545,2
546,2
547,2
548,2
549,1
550,2
551,0
552,2
553,1
554,2
555,0
556,2
557,2
558,1
559,0
560,1
561,2
562,2
563,1
564,0
565,0
566,0
567,1
568,1
569,1
570,2
571,2
572,0
573,1
574,1
575,1
576,1
577,2
578,1
579,0
580,0
581,1
582,1
583,1
584,0
585,0
586,1
587,0
588,1
589,0
590,1
591,1
592,2
593,0
594,1
595,1
596,1
597,1
598,1
599,2
600,1
601,1
602,2
603,1
604,2
605,1
606,1
607,1
608,1
609,1
610,0
611,2
612,1
613,2
614,2
615,0
616,2
617,2
618,1
619,2
620,0
621,1
622,1
623,1
624,1
625,2
626,0
627,2
628,2
629,0
630,1
631,1
632,1
633,1
634,2
635,0
636,1
637,1
638,1
639,0
640,2
641,1
642,2
643,2
644,1
645,0
646,2
647,1
648,2
649,2
650,2
651,2
652,2
653,1
654,1
655,1
656,2
657,0
658,2
659,0
660,1
661,1
662,2
663,1
664,2
665,0
666,0
667,2
668,2
669,1
670,1
671,2
672,1
673,0
674,1
675,1
676,1
677,2
678,0
679,1
680,2
681,2
682,1
683,0
684,1
685,1
686,0
687,2
688,2
689,0
690,1
691,2
692,1
693,1
694,1
695,1
696,1
697,2
698,0
699,1
700,2
701,2
702,1
703,1
704,0
705,0
706,1
707,1
708,2
709,1
710,1
711,0
712,1
713,0
714,1
715,1
716,2
717,0
718,1
719,2
720,0
721,0
722,1
723,2
724,0
725,1
726,1
727,1
728,1
729,2
730,0
731,1
732,1
733,2
734,0
735,0
736,2
737,2
738,1
739,0
740,1
741,1
742,1
743,2
744,1
745,1
746,0
747,0
748,2
749,0
750,0
751,0
752,1
753,2
754,2
755,1
756,0
757,2
758,0
759,0
760,2
761,1
762,1
763,2
764,1
765,2
766,1
767,2
768,1
769,2
770,2
771,1
772,0
773,2
774,2
775,0
776,2
777,2
778,2
779,1
780,0
781,2
782,0
783,0
784,1
785,2
786,1
787,1
788,1
789,0
790,2
791,0
792,0
793,2
794,2
795,2
796,0
797,1
798,2
799,2
800,1
801,2
802,2
803,2
804,1
805,1
806,1
807,2
808,1
809,0
810,0
811,0
812,0
813,2
814,2
815,2
816,1
817,1
818,2
819,2
820,1
821,0
822,2
823,1
824,2
825,1
826,0
827,0
828,2
829,2
830,1
831,1
832,2
833,2
834,2
835,0
836,2
837,2
838,0
839,2
840,1
841,1
842,1
843,2
844,1
845,1
846,2
847,2
848,2
849,2
850,0
851,0
852,1
853,1
854,0
855,1
856,1
857,2
858,0
859,1
860,0
861,2
862,1
863,1
864,1
865,2
866,1
867,1
868,1
869,0
870,0
871,1
872,0
873,2
874,0
875,2
876,1
877,2
878,1
879,2
880,0
881,1
882,1
883,1
884,0
885,1
886,1
887,2
888,2
889,1
890,2
891,1
892,2
893,1
894,2
895,1
896,1
897,0
898,1
899,0
900,1
901,1
902,0
903,2
904,2
905,2
906,1
907,2
908,1
909,1
910,2
911,2
912,2
913,2
914,2
915,0
916,1
917,0
918,1
919,0
920,1
921,0
922,1
923,1
924,2
925,0
926,1
927,2
928,1
929,1
930,0
931,2
932,1
933,2
934,1
935,2
936,1
937,2
938,2
939,1
940,2
941,1
942,1
943,1
944,1
945,2
946,1
947,1
948,2
949,1
950,2
951,2
952,1
953,1
954,2
955,1
956,1
957,1
958,0
959,0
960,1
961,2
962,2
963,2
964,1
965,2
966,0
967,0
968,1
969,2
970,2
971,1
972,1
973,1
974,2
975,1
976,1
977,2
978,1
979,1
980,2
981,2
982,1
983,1
984,2
985,1
986,2
987,2
988,1
989,1
990,0
991,0
992,0
993,1
994,0
995,2
996,1
997,1
998,1
999,2
1000,1
1001,1
1002,2
1003,2
1004,1
1005,1
1006,0
1007,1
1008,0
1009,0
1010,1
1011,1
1012,1
1013,2
1014,1
1015,1
1016,2
1017,2
1018,1
1019,2
1020,1
1021,0
1022,0
1023,1
1024,1
1025,2
1026,0
1027,2
1028,0
1029,1
1030,2
1031,1
1032,2
1033,2
1034,0
1035,0
1036,2
1037,0
1038,0
1039,1
1040,1
1041,1
1042,1
1043,2
1044,0
1045,1
1046,1
1047,0
1048,0
1049,0
1050,1
1051,2
1052,2
1053,2
1054,2
1055,2
1056,2
1057,1
1058,1
1059,0
1060,2
1061,1
1062,0
1063,2
1064,2
1065,2
1066,1
1067,2
1068,0
1069,2
1070,1
1071,2
1072,2
1073,1
1074,1
1075,0
1076,1
1077,2
1078,1
1079,0
1080,2
1081,1
1082,1
1083,2
1084,1
1085,1
1086,2
1087,1
1088,2
1089,2
1090,0
1091,1
1092,2
1093,2
1094,1
1095,0
1096,0
1097,1
1098,1
1099,2
1100,0
1101,0
1102,2
1103,1
1104,1
1105,2
1106,0
1107,2
1108,0
1109,2
1110,1
1111,1
1112,2
1113,1
1114,0
1115,2
1116,2
1117,1
1118,2
1119,2
1120,1
1121,2
1122,0
1123,2
1124,2
1125,0
1126,2
1127,2
1128,1
1129,1
1130,1
1131,1
1132,2
1133,0
1134,2
1135,0
1136,2
1137,2
1138,1
1139,1
1140,2
1141,2
1142,1
1143,0
1144,0
1145,2
1146,1
1147,2
1148,0
1149,0
1150,2
1151,1
1152,0
1153,2
1154,1
1155,2
1156,0
1157,2
1158,1
1159,1
1160,1
1161,2
1162,0
1163,1
1164,1
1165,2
1166,1
1167,1
1168,0
1169,1
1170,0
1171,2
1172,1
1173,0
1174,1
1175,1
1176,0
1177,0
1178,1
1179,1
1180,1
1181,2
1182,0
1183,2
1184,2
1185,2
1186,1
1187,1
1188,1
1189,0
1190,1
1191,1
1192,2
1193,1
1194,2
1195,2
1196,2
1197,1
1198,2
1199,0
1200,2
1201,0
1202,2
1203,1
1204,2
1205,1
1206,1
1207,0
1208,2
1209,0
1210,2
1211,1
1212,2
1213,0
1214,0
1215,2
1216,1
1217,2
1218,1
1219,0
1220,2
1221,2
1222,1
1223,2
1224,2
1225,0
1226,2
1227,1
1228,1
1229,1
1230,0
1231,2
1232,2
1233,2
1234,1
1235,2
1236,1
1237,2
1238,2
1239,2
1240,1
1241,1
1242,0
1243,0
1244,2
1245,1
1246,1
1247,1
1248,1
1249,0
1250,2
1251,0
1252,2
1253,0
1254,2
1255,0
1256,1
1257,2
1258,1
1259,2
1260,1
1261,1
1262,2
1263,1
1264,1
1265,2
1266,0
1267,2
1268,2
1269,1
1270,2
1271,1
1272,1
1273,0
1274,1
1275,0
1276,0
1277,1
1278,2
1279,1
1280,0
1281,0
1282,1
1283,0
1284,1
1285,1
1286,0
1287,1
1288,2
1289,0
1290,2
1291,1
1292,0
1293,1
1294,2
1295,2
1296,2
1297,1
1298,2
1299,1
1300,1
1301,0
1302,0
1303,1
1304,0
1305,1
1306,1
1307,0
1308,0
1309,0
1310,2
1311,2
1312,1
1313,2
1314,1
1315,2
1316,2
1317,1
1318,2
1319,2
1320,2
1321,1
1322,0
1323,0
1324,2
1325,1
1326,1
1327,2
1328,1
1329,2
1330,2
1331,0
1332,2
1333,1
1334,0
1335,2
1336,1
1337,1
1338,1
1339,2
1340,0
1341,2
1342,0
1343,2
1344,2
1345,2
1346,0
1347,1
1348,0
1349,1
1350,1
1351,0
1352,1
1353,1
1354,2
1355,2
1356,2
1357,2
1358,1
1359,0
1360,2
1361,2
1362,0
1363,1
1364,1
1365,0
1366,1
1367,1
1368,2
1369,1
1370,1
1371,0
1372,2
1373,0
1374,1
1375,1
1376,1
1377,0
1378,1
1379,1
1380,0
1381,0
1382,2
1383,0
1384,2
1385,2
1386,0
1387,2
1388,1
1389,2
1390,1
1391,1
1392,2
1393,1
1394,1
1395,0
1396,1
1397,1
1398,0
1399,2
1400,2
1401,0
1402,1
1403,1
1404,2
1405,2
1406,1
1407,2
1408,0
1409,1
1410,2
1411,0
1412,2
1413,0
1414,0
1415,0
1416,0
1417,2
1418,2
1419,1
1420,2
1421,1
1422,2
1423,0
1424,0
1425,1
1426,2
1427,1
1428,1
1429,0
1430,1
1431,1
1432,2
1433,0
1434,1
1435,2
1436,0
1437,1
1438,2
1439,0
1440,1
1441,2
1442,0
1443,0
1444,0
1445,1
1446,2
1447,0
1448,0
1449,0
1450,0
1451,1
1452,0
1453,1
1454,1
1455,2
1456,2
1457,2
1458,1
1459,2
1460,2
1461,1
1462,1
1463,1
1464,2
1465,2
1466,0
1467,1
1468,2
1469,2
1470,1
1471,0
1472,0
1473,1
1474,2
1475,1
1476,1
1477,0
1478,0
1479,1
1480,0
1481,1
1482,2
1483,1
1484,1
1485,2
1486,2
1487,2
1488,2
1489,1
1490,1
1491,1
1492,2
1493,2
1494,2
1495,1
1496,2
1497,2
1498,2
1499,1
1500,0
1501,1
1502,2
1503,0
1504,0
1505,2
1506,1
1507,2
1508,2
1509,1
1510,1
1511,1
1512,2
1513,0
1514,2
1515,1
1516,0
1517,1
1518,2
1519,2
1520,1
1521,2
1522,2
1523,0
1524,2
1525,2
1526,1
1527,1
1528,1
1529,1
1530,2
1531,2
1532,0
1533,0
1534,1
1535,1
1536,1
1537,1
1538,0
1539,0
1540,1
1541,1
1542,2
1543,2
1544,2
1545,1
1546,1
1547,1
1548,1
1549,1
1550,1
1551,2
1552,2
1553,0
1554,0
1555,2
1556,1
1557,1
1558,1
1559,2
1560,2
1561,2
1562,2
1563,1
1564,0
1565,0
1566,1
1567,1
1568,1
1569,2
1570,2
1571,0
1572,1
1573,0
1574,2
1575,2
1576,2
1577,2
1578,2
1579,1
1580,1
1581,2
1582,2
1583,0
1584,1
1585,1
1586,2
1587,0
1588,1
1589,0
1590,1
1591,1
1592,2
1593,2
1594,1
1595,1
1596,2
1597,0
1598,1
1599,1
1600,2
1601,2
1602,1
1603,2
1604,0
1605,0
1606,2
1607,1
1608,2
1609,1
1610,0
1611,0
1612,1
1613,1
1614,0
1615,2
1616,2
1617,2
1618,1
1619,1
1620,1
1621,1
1622,1
1623,1
1624,0
1625,0
1626,0
1627,1
1628,0
1629,2
1630,1
1631,1
1632,2
1633,1
1634,1
1635,0
1636,2
1637,0
1638,0
1639,1
1640,1
1641,0
1642,2
1643,2
1644,0
1645,0
1646,0
1647,0
1648,1
1649,2
1650,1
1651,2
1652,0
1653,1
1654,0
1655,0
1656,2
1657,0
1658,2
1659,1
1660,2
1661,2
1662,1
1663,0
1664,2
1665,0
1666,0
1667,2
1668,1
1669,0
1670,0
1671,2
1672,2
1673,1
1674,0
1675,2
1676,1
1677,1
1678,2
1679,0
1680,2
1681,2
1682,0
1683,0
1684,2
1685,0
1686,1
1687,1
1688,2
1689,1
1690,2
1691,2
1692,1
1693,1
1694,1
1695,0
1696,2
1697,2
1698,2
1699,2
1700,2
1701,2
1702,2
1703,1
1704,0
1705,1
1706,0
1707,1
1708,2
1709,1
1710,1
1711,2
1712,2
1713,2
1714,0
1715,2
1716,1
1717,2
1718,2
1719,1
1720,1
1721,0
1722,1
1723,2
1724,2
1725,0
1726,1
1727,2
1728,2
1729,1
1730,2
1731,2
1732,1
1733,2
1734,0
1735,1
1736,0
1737,0
1738,2
1739,2
1740,1
1741,0
1742,0
1743,2
1744,0
1745,2
1746,2
1747,2
1748,1
1749,1
1750,2
1751,1
1752,1
1753,1
1754,1
1755,2
1756,1
1757,0
1758,2
1759,1
1760,0
1761,2
1762,1
1763,1
1764,1
1765,2
1766,0
1767,1
1768,2
1769,1
1770,1
1771,2
1772,2
1773,2
1774,2
1775,1
1776,1
1777,0
1778,1
1779,1
1780,2
1781,1
1782,2
1783,2
1784,2
1785,1
1786,0
1787,2
1788,1
1789,0
1790,2
1791,1
1792,1
1793,2
1794,2
1795,1
1796,2
1797,1
1798,2
1799,0
1800,1
1801,0
1802,2
1803,1
1804,1
1805,0
1806,1
1807,1
1808,0
1809,2
1810,1
1811,2
1812,1
1813,2
1814,2
1815,1
1816,1
1817,2
1818,1
1819,2
1820,2
1821,1
1822,1
1823,1
1824,1
1825,2
1826,1
1827,0
1828,2
1829,1
1830,0
1831,1
1832,2
1833,1
1834,1
1835,1
1836,2
1837,1
1838,2
1839,0
1840,0
1841,2
1842,2
1843,0
1844,0
1845,1
1846,2
1847,1
1848,1
1849,1
1850,1
1851,2
1852,1
1853,0
1854,1
1855,0
1856,1
1857,1
1858,2
1859,2
1860,0
1861,1
1862,0
1863,2
1864,1
1865,1
1866,0
1867,0
1868,2
1869,1
1870,0
1871,0
1872,1
1873,1
1874,0
1875,2
1876,0
1877,2
1878,0
1879,1
1880,2
1881,2
1882,0
1883,1
1884,0
1885,0
1886,0
1887,0
1888,0
1889,2
1890,2
1891,2
1892,1
1893,0
1894,2
1895,0
1896,1
1897,0
1898,0
1899,2
1900,2
1901,1
1902,2
1903,2
1904,0
1905,0
1906,1
1907,1
1908,2
1909,0
1910,2
1911,2
1912,2
1913,0
1914,1
1915,0
1916,1
1917,1
1918,2
1919,1
1920,1
1921,0
1922,1
1923,1
1924,1
1925,1
1926,2
1927,1
1928,1
1929,2
1930,1
1931,2
1932,2
1933,2
1934,2
1935,1
1936,1
1937,1
1938,0
1939,2
1940,2
1941,0
1942,1
1943,1
1944,1
1945,2
1946,2
1947,1
1948,1
1949,2
1950,2
1951,0
1952,2
1953,1
1954,0
1955,1
1956,2
1957,2
1958,2
1959,1
1960,2
1961,2
1962,1
1963,2
1964,2
1965,1
1966,1
1967,2
1968,1
1969,1
1970,0
1971,1
1972,1
1973,0
1974,1
1975,1
1976,1
1977,0
1978,1
1979,0
1980,2
1981,1
1982,1
1983,2
1984,0
1985,1
1986,0
1987,2
1988,1
1989,1
1990,1
1991,0
1992,0
1993,2
1994,2
1995,1
1996,1
1997,1
1998,1
1999,0
2000,0
2001,2
2002,2
2003,2
2004,1
2005,2
2006,1
2007,1
2008,2
2009,2
2010,0
2011,0
2012,1
2013,0
2014,2
2015,1
2016,1
2017,1
2018,1
2019,1
2020,1
2021,2
2022,1
2023,0
2024,1
2025,2
2026,2
2027,2
2028,2
2029,2
2030,1
2031,0
2032,0
2033,1
2034,1
2035,2
2036,2
2037,2
2038,2
2039,1
2040,1
2041,1
2042,2
2043,2
2044,0
2045,0
2046,0
2047,1
2048,2
2049,0
2050,1
2051,1
2052,0
2053,1
2054,0
2055,1
2056,1
2057,1
2058,1
2059,2
2060,0
2061,0
2062,1
2063,2
2064,1
2065,1
2066,1
2067,0
2068,1
2069,2
2070,1
2071,1
2072,2
2073,0
2074,2
2075,1
2076,1
2077,2
2078,2
2079,1
2080,1
2081,0
2082,1
2083,1
2084,1
2085,1
2086,1
2087,1
2088,1
2089,0
2090,2
2091,2
2092,2
2093,0
2094,2
2095,1
2096,2
2097,1
2098,2
2099,0
2100,2
2101,2
2102,1
2103,0
2104,0
2105,2
2106,2
2107,2
2108,1
2109,1
2110,1
2111,2
2112,1
2113,2
2114,2
2115,1
2116,1
2117,2
2118,2
2119,2
2120,0
2121,1
2122,2
2123,2
2124,1
2125,1
2126,1
2127,2
2128,0
2129,1
2130,1
2131,1
2132,0
2133,1
2134,1
2135,2
2136,2
2137,1
2138,2
2139,1
2140,2
2141,1
2142,1
2143,2
2144,2
2145,0
2146,2
2147,1
2148,1
2149,2
2150,0
2151,0
2152,0
2153,0
2154,1
2155,2
2156,1
2157,2
2158,1
2159,0
2160,0
2161,2
2162,1
2163,0
2164,2
2165,0
2166,0
2167,2
2168,1
2169,2
2170,1
2171,1
2172,1
2173,1
2174,0
2175,2
2176,1
2177,2
2178,1
2179,2
2180,0
2181,2
2182,2
2183,1
2184,1
2185,1
2186,1
2187,2
2188,1
2189,0
2190,1
2191,2
2192,0
2193,1
2194,1
2195,0
2196,2
2197,0
2198,1
2199,1
2200,1
2201,0
2202,0
2203,1
2204,1
2205,1
2206,0
2207,1
2208,1
2209,1
2210,2
2211,2
2212,0
2213,2
2214,0
2215,1
2216,0
2217,1
2218,2
2219,2
2220,0
2221,1
2222,2
2223,0
2224,1
2225,1
2226,1
2227,1
2228,1
2229,2
2230,2
2231,1
2232,2
2233,1
2234,1
2235,1
2236,1
2237,1
2238,1
2239,2
2240,1
2241,2
2242,0
2243,2
2244,1
2245,1
2246,2
2247,1
2248,2
2249,0
2250,2
2251,2
2252,1
2253,0
2254,0
2255,2
2256,2
2257,0
2258,2
2259,2
2260,1
2261,1
2262,1
2263,1
2264,1
2265,0
2266,1
2267,2
2268,2
2269,1
2270,1
2271,0
2272,2
2273,2
2274,1
2275,1
2276,2
2277,1
2278,2
2279,0
2280,1
2281,1
2282,0
2283,2
2284,1
2285,2
2286,0
2287,2
2288,1
2289,1
2290,0
2291,0
2292,1
2293,2
2294,1
2295,1
2296,1
2297,0
2298,2
2299,2
2300,1
2301,1
2302,2
2303,2
2304,0
2305,1
2306,0
2307,1
2308,0
2309,2
2310,2
2311,2
2312,1
2313,0
2314,2
2315,0
2316,2
2317,1
2318,1
2319,0
2320,0
2321,0
2322,1
2323,2
2324,1
2325,0
2326,2
2327,2
2328,1
2329,2
2330,1
2331,2
2332,0
2333,0
2334,1
2335,2
2336,2
2337,1
2338,1
2339,0
2340,1
2341,1
2342,1
2343,1
2344,2
2345,1
2346,2
2347,1
2348,0
2349,2
2350,2
2351,1
2352,2
2353,2
2354,2
2355,0
2356,2
2357,0
2358,2
2359,1
2360,1
2361,2
2362,0
2363,2
2364,1
2365,2
2366,1
2367,1
2368,2
2369,2
2370,1
2371,2
2372,2
2373,1
2374,2
2375,1
2376,1
2377,2
2378,1
2379,2
2380,1
2381,2
2382,0
2383,2
2384,2
2385,1
2386,0
2387,2
2388,2
2389,2
2390,0
2391,0
2392,2
2393,2
2394,0
2395,1
2396,2
2397,2
2398,2
2399,0
2400,1
2401,0
2402,2
2403,0
2404,2
2405,1
2406,1
2407,1
2408,2
2409,2
2410,2
2411,1
2412,1
2413,0
2414,2
2415,1
2416,1
2417,0
2418,2
2419,0
2420,2
2421,1
2422,2
2423,2
2424,1
2425,1
2426,2
2427,1
2428,0
2429,2
2430,2
2431,2
2432,1
2433,0
2434,2
2435,2
2436,2
2437,2
2438,1
2439,0
2440,1
2441,2
2442,2
2443,2
2444,0
2445,1
2446,1
2447,1
2448,1
2449,1
2450,2
2451,1
2452,1
2453,1
2454,0
2455,1
2456,2
2457,2
2458,2
2459,1
2460,2
2461,2
2462,1
2463,0
2464,0
2465,0
2466,1
2467,1
2468,2
2469,0
2470,0
2471,2
2472,2
2473,2
2474,0
2475,1
2476,0
2477,2
2478,1
2479,1
2480,2
2481,1
2482,2
2483,2
2484,1
2485,2
2486,1
2487,2
2488,1
2489,1
2490,0
2491,0
2492,1
2493,2
2494,2
2495,0
2496,2
2497,1
2498,1
2499,1
2500,1
