cluster_id,category,category_spend,category_transactions,purchasing_customers,segment_customers,segment_revenue,category_revenue_share,customer_penetration,category_rank,segment_id,segment_name
1,COUPON/MISC ITEMS,542555.42,22630,968,1007,5923641.65,0.091591533056359,0.9612711022840119,1,1,High-Value Frequent Shoppers
1,SOFT DRINKS,237213.63,52543,1004,1007,5923641.65,0.04004523636233127,0.997020854021847,2,1,High-Value Frequent Shoppers
1,BEEF,221253.67,26166,980,1007,5923641.65,0.037350954543308675,0.9731876861966237,3,1,High-Value Frequent Shoppers
1,FLUID MILK PRODUCTS,149879.7,49425,1005,1007,5923641.65,0.025301952558186906,0.9980139026812314,4,1,High-Value Frequent Shoppers
1,CHEESE,135886.4,33676,1005,1007,5923641.65,0.022939672591437057,0.9980139026812314,5,1,High-Value Frequent Shoppers
2,BEEF,76776.1,8472,831,902,1731383.64,0.04434378275631622,0.9212860310421286,1,2,Large-Basket Occasional Shoppers
2,COUPON/MISC ITEMS,75358.19,3626,682,902,1731383.64,0.04352483658676595,0.7560975609756098,2,2,Large-Basket Occasional Shoppers
2,SOFT DRINKS,69981.32,13212,884,902,1731383.64,0.04041930302633564,0.9800443458980045,3,2,Large-Basket Occasional Shoppers
2,CHEESE,46384.95,10891,877,902,1731383.64,0.026790682855245183,0.9722838137472284,4,2,Large-Basket Occasional Shoppers
2,FLUID MILK PRODUCTS,43742.49,15071,889,902,1731383.64,0.025264469981938837,0.9855875831485588,5,2,Large-Basket Occasional Shoppers
0,COUPON/MISC ITEMS,21964.85,1337,326,591,402418.51,0.054582106573576844,0.5516074450084603,1,3,Low-Value Low-Engagement Shoppers
0,SOFT DRINKS,20450.26,5791,517,591,402418.51,0.05081838805078821,0.8747884940778342,2,3,Low-Value Low-Engagement Shoppers
0,BEEF,14073.45,2064,427,591,402418.51,0.03497217362094005,0.7225042301184433,3,3,Low-Value Low-Engagement Shoppers
0,BEERS/ALES,13390.4,1675,258,591,402418.51,0.033274811340064846,0.4365482233502538,4,3,Low-Value Low-Engagement Shoppers
0,FLUID MILK PRODUCTS,11733.86,4708,527,591,402418.51,0.02915835059376369,0.8917089678510999,5,3,Low-Value Low-Engagement Shoppers
