segment_id,segment_name,category,category_sales,category_promo_line_sales,category_transactions,category_promo_transactions,purchasing_customers,segment_customers,category_promo_spend_share,category_promo_transaction_share,customer_penetration,sales_rank
1,High-Value Frequent Shoppers,COUPON/MISC ITEMS,542555.42,514824.01,22630,19350,968,1007,0.9488874150404764,0.8550596553247901,0.9612711022840119,1
1,High-Value Frequent Shoppers,SOFT DRINKS,237213.63,160608.1,52543,35919,1004,1007,0.6770610103643707,0.6836115181851056,0.997020854021847,2
1,High-Value Frequent Shoppers,BEEF,221253.67,108645.37,26166,14313,980,1007,0.49104437454077027,0.5470075670717726,0.9731876861966237,3
1,High-Value Frequent Shoppers,FLUID MILK PRODUCTS,149879.7,67149.79,49425,25183,1005,1007,0.44802458238173676,0.50951947395043,0.9980139026812314,4
1,High-Value Frequent Shoppers,CHEESE,135886.4,102324.61,33676,28316,1005,1007,0.7530158279268566,0.8408362038246823,0.9980139026812314,5
2,Large-Basket Occasional Shoppers,BEEF,76776.1,37784.22,8472,4463,831,902,0.4921351826935726,0.5267941454202077,0.9212860310421286,1
2,Large-Basket Occasional Shoppers,COUPON/MISC ITEMS,75358.19,68683.55,3626,2721,682,902,0.9114278089747113,0.7504136789851076,0.7560975609756098,2
2,Large-Basket Occasional Shoppers,SOFT DRINKS,69981.32,47967.35,13212,9208,884,902,0.6854307692395627,0.6969421737814109,0.9800443458980045,3
2,Large-Basket Occasional Shoppers,CHEESE,46384.95,34463.77,10891,9087,877,902,0.7429946566720456,0.834358644752548,0.9722838137472284,4
2,Large-Basket Occasional Shoppers,FLUID MILK PRODUCTS,43742.49,18670.47,15071,7260,889,902,0.4268268678806351,0.4817198593324929,0.9855875831485588,5
3,Low-Value Low-Engagement Shoppers,COUPON/MISC ITEMS,21964.85,20351.22,1337,1071,326,591,0.9265358060719742,0.8010471204188482,0.5516074450084603,1
3,Low-Value Low-Engagement Shoppers,SOFT DRINKS,20450.26,13877.71,5791,3430,517,591,0.6786079981379209,0.5922983940597479,0.8747884940778342,2
3,Low-Value Low-Engagement Shoppers,BEEF,14073.45,6981.16,2064,1063,427,591,0.4960517854541708,0.5150193798449613,0.7225042301184433,3
3,Low-Value Low-Engagement Shoppers,BEERS/ALES,13390.4,82.62,1675,8,258,591,0.006170092006213407,0.004776119402985075,0.4365482233502538,4
3,Low-Value Low-Engagement Shoppers,FLUID MILK PRODUCTS,11733.86,5116.1,4708,2354,527,591,0.4360116790212258,0.5,0.8917089678510999,5
